metal_type,pouring_temperature,mold_material,cooling_rate,section_thickness,pouring_speed,porosity,shrinkage,cold_shut
Cast Iron,1181.69,ceramic,high,11.63,1.92,0,0,0
Aluminum,747.87,sand,medium,36.87,0.61,0,1,1
Cast Iron,1254.71,ceramic,medium,24.6,2.49,1,1,1
Cast Iron,1159.31,sand,low,16.26,1.49,1,1,0
Aluminum,749.72,ceramic,medium,35.91,0.88,0,1,1
Aluminum,724.49,ceramic,medium,38.42,2.66,0,1,1
Cast Iron,1317.6,sand,high,13.1,0.99,0,0,0
Steel,1481.94,ceramic,medium,46.15,2.8,1,1,1
Cast Iron,1171.09,die,high,38.8,1.6,0,0,1
Cast Iron,1253.02,sand,medium,47.0,2.36,1,1,1
Cast Iron,1304.44,die,medium,19.27,1.87,0,0,0
Cast Iron,1277.56,sand,medium,47.27,1.14,1,1,1
Aluminum,713.11,ceramic,low,21.58,2.18,0,1,1
Cast Iron,1301.42,ceramic,high,7.43,2.89,1,0,0
Steel,1484.05,ceramic,low,39.33,2.42,1,1,1
Aluminum,716.15,sand,medium,36.66,2.01,0,0,1
Steel,1508.82,die,low,31.91,2.98,1,1,0
Steel,1460.46,die,high,27.05,1.16,0,0,0
Steel,1480.32,sand,medium,6.45,0.66,0,1,0
Steel,1569.1,sand,low,33.11,0.58,1,1,0
Aluminum,739.59,die,low,23.76,2.28,1,1,1
Aluminum,678.28,die,high,30.21,2.58,0,0,1
Steel,1478.55,die,low,24.32,2.09,1,1,0
Steel,1454.01,die,high,48.47,2.76,1,1,1
Aluminum,744.77,sand,medium,32.18,2.24,0,1,1
Aluminum,718.39,sand,medium,38.72,1.43,0,1,1
Aluminum,745.7,ceramic,low,47.14,0.95,0,1,1
Cast Iron,1322.77,die,medium,31.62,2.81,1,1,0
Cast Iron,1218.09,ceramic,medium,5.54,0.76,0,1,0
Cast Iron,1172.54,sand,low,6.54,1.86,1,1,0
Steel,1524.86,sand,medium,36.61,1.29,1,1,1
Cast Iron,1155.36,ceramic,low,17.56,1.18,0,1,0
Steel,1472.49,die,high,31.07,2.11,1,0,0
Steel,1485.01,die,high,14.1,1.08,0,0,0
Cast Iron,1283.13,die,high,17.16,2.79,1,0,0
Steel,1526.48,die,low,27.71,1.52,1,1,0
Cast Iron,1210.48,ceramic,low,48.9,2.19,1,1,1
Cast Iron,1262.95,ceramic,medium,32.73,2.32,1,1,1
Aluminum,662.52,sand,medium,47.13,2.21,0,1,1
Cast Iron,1301.14,die,medium,48.17,2.76,1,1,1
Aluminum,721.2,die,medium,14.36,1.08,0,0,1
Cast Iron,1193.3,die,medium,19.0,0.72,0,0,0
Cast Iron,1271.28,ceramic,low,39.65,0.64,0,1,1
Aluminum,700.33,die,low,44.0,2.69,1,1,1
Aluminum,656.08,ceramic,high,28.37,2.93,0,0,1
Cast Iron,1205.63,die,high,49.7,1.26,0,1,1
Steel,1599.92,die,high,5.52,2.23,1,0,0
Aluminum,659.95,sand,high,18.48,0.52,0,0,1
Steel,1525.96,die,low,33.04,0.97,1,1,0
Steel,1577.4,die,low,26.12,2.22,1,1,0
Steel,1495.1,sand,low,10.25,0.66,1,1,0
Aluminum,676.07,ceramic,medium,21.55,1.67,0,0,1
Steel,1583.62,ceramic,medium,6.15,2.16,1,0,0
Aluminum,680.48,die,high,33.92,2.41,0,0,1
Steel,1547.72,ceramic,medium,45.17,1.63,1,1,1
Cast Iron,1298.06,die,low,44.82,2.08,1,1,1
Cast Iron,1307.72,sand,high,36.48,1.85,1,1,1
Aluminum,749.48,sand,high,25.96,0.63,0,0,1
Cast Iron,1310.64,die,medium,28.04,2.36,1,1,0
Cast Iron,1281.4,sand,high,11.16,0.93,0,0,0
Steel,1584.32,sand,medium,20.35,0.58,0,1,0
Aluminum,740.57,die,medium,13.45,1.63,0,0,0
Steel,1595.97,die,high,41.95,2.66,1,1,0
Steel,1566.47,sand,medium,46.16,0.88,0,1,0
Steel,1479.24,ceramic,medium,29.16,0.53,0,1,0
Steel,1556.47,ceramic,medium,37.75,0.77,1,1,1
Steel,1461.27,die,medium,10.47,1.41,1,1,0
Steel,1497.69,die,high,32.38,1.95,1,1,0
Steel,1467.37,ceramic,low,36.63,0.98,1,1,0
Aluminum,744.99,sand,low,25.37,2.5,1,1,1
Cast Iron,1217.75,ceramic,medium,15.95,2.38,1,0,0
Steel,1556.98,ceramic,medium,44.48,2.24,1,1,1
Steel,1535.7,ceramic,medium,38.43,1.72,1,1,1
Steel,1466.13,ceramic,low,45.49,1.41,1,1,1
Steel,1534.2,die,medium,41.83,1.44,1,1,0
Steel,1549.15,die,high,49.57,1.76,0,1,0
Steel,1582.23,sand,high,13.65,0.69,0,0,0
Cast Iron,1164.02,sand,high,8.9,2.21,0,0,0
Cast Iron,1209.13,sand,low,20.17,1.38,1,1,1
Steel,1553.85,sand,medium,10.81,1.06,1,1,0
Cast Iron,1156.87,ceramic,medium,28.54,1.2,0,1,1
Aluminum,670.36,die,medium,33.49,0.95,0,0,1
Steel,1482.8,die,low,31.02,2.75,1,1,0
Aluminum,716.93,sand,low,16.67,0.92,0,1,1
Aluminum,678.6,sand,low,45.9,2.71,1,1,1
Steel,1539.94,ceramic,low,5.95,1.93,1,1,0
Cast Iron,1343.07,ceramic,high,20.66,2.67,1,0,0
Aluminum,729.32,sand,low,37.35,1.69,0,1,1
Steel,1499.94,die,low,39.51,2.82,1,1,1
Aluminum,697.24,die,low,23.73,1.03,0,1,1
Aluminum,670.07,die,medium,5.76,1.89,0,0,0
Aluminum,651.57,sand,medium,32.81,0.81,0,1,1
Aluminum,678.97,die,medium,7.84,1.62,0,0,0
Cast Iron,1223.88,ceramic,high,9.85,1.92,0,0,0
Aluminum,706.44,ceramic,high,34.26,2.01,0,0,1
Aluminum,744.41,sand,low,19.06,1.41,0,1,1
Aluminum,744.79,ceramic,medium,20.66,0.69,0,0,1
Cast Iron,1164.02,sand,high,26.91,2.14,1,0,1
Aluminum,711.46,die,medium,49.04,1.72,0,1,1
Aluminum,654.24,die,high,48.44,0.84,0,0,1
Cast Iron,1279.62,die,high,23.73,2.84,1,0,0
Cast Iron,1173.54,ceramic,low,16.95,2.89,1,1,0
Cast Iron,1339.28,sand,low,18.62,2.64,1,1,0
Aluminum,736.43,die,high,17.1,2.61,0,0,1
Cast Iron,1154.47,sand,low,28.95,0.75,0,1,1
Cast Iron,1306.43,die,high,32.31,2.98,1,1,0
Aluminum,713.59,ceramic,high,27.0,1.5,0,0,1
Cast Iron,1249.07,ceramic,medium,23.36,0.91,0,1,0
Aluminum,710.26,sand,low,14.51,2.53,1,1,1
Steel,1551.74,ceramic,low,26.71,1.06,1,1,0
Cast Iron,1326.89,ceramic,low,20.35,1.82,1,1,1
Steel,1565.1,sand,medium,29.37,0.82,0,1,0
Aluminum,707.54,die,medium,35.38,1.69,0,0,1
Cast Iron,1314.92,ceramic,medium,33.5,1.9,1,1,1
Aluminum,748.69,sand,low,25.81,1.61,0,1,1
Steel,1495.03,ceramic,low,30.02,0.67,0,1,0
Aluminum,661.84,ceramic,low,17.82,1.71,0,1,1
Cast Iron,1296.29,ceramic,medium,6.09,1.67,1,1,0
Cast Iron,1345.72,ceramic,medium,33.13,1.15,1,1,1
Steel,1467.51,sand,high,16.37,2.8,1,0,0
Aluminum,693.17,sand,medium,35.1,1.54,0,1,1
Cast Iron,1162.45,sand,high,38.62,2.66,0,0,1
Steel,1566.48,ceramic,low,46.22,0.77,1,1,1
Cast Iron,1339.74,ceramic,medium,48.12,1.3,0,1,1
Cast Iron,1249.8,ceramic,low,5.47,0.94,0,1,0
Aluminum,690.95,sand,low,49.57,1.52,0,1,1
Cast Iron,1331.54,ceramic,low,35.74,0.78,1,1,1
Aluminum,663.34,die,low,33.96,1.6,0,1,1
Cast Iron,1328.32,ceramic,medium,5.68,1.38,1,1,0
Steel,1508.82,die,low,43.76,1.06,1,1,0
Cast Iron,1261.88,ceramic,high,11.55,2.11,0,0,0
Aluminum,702.83,sand,medium,42.68,2.88,1,1,1
Aluminum,711.6,ceramic,low,5.7,1.02,0,1,1
Steel,1591.32,die,medium,34.07,2.28,1,1,0
Cast Iron,1340.23,die,high,24.57,2.36,1,0,0
Cast Iron,1316.23,ceramic,low,14.03,1.75,1,1,0
Steel,1478.73,die,high,9.84,2.74,1,0,0
Cast Iron,1216.7,die,low,24.81,2.92,1,1,0
Cast Iron,1247.56,sand,high,10.55,1.41,0,0,0
Aluminum,740.55,ceramic,low,26.89,2.13,1,1,1
Cast Iron,1254.17,ceramic,medium,33.13,2.16,1,1,1
Cast Iron,1345.49,ceramic,low,42.23,1.51,1,1,1
Steel,1597.58,die,medium,35.54,1.29,1,1,0
Steel,1539.79,ceramic,low,7.93,2.83,1,1,0
Aluminum,737.75,ceramic,low,18.83,2.47,1,1,1
Cast Iron,1349.84,sand,high,17.96,0.79,0,0,0
Cast Iron,1319.94,sand,high,46.18,0.8,0,1,1
Cast Iron,1281.38,sand,high,44.05,2.81,1,0,1
Aluminum,734.51,die,low,21.66,0.7,0,1,1
Aluminum,658.27,ceramic,low,8.2,2.22,1,1,1
Steel,1545.22,sand,low,45.23,1.07,1,1,1
Aluminum,671.65,sand,medium,44.97,0.59,0,0,1
Cast Iron,1173.21,sand,medium,43.46,0.65,0,1,1
Cast Iron,1328.57,ceramic,low,43.03,1.43,1,1,1
Aluminum,713.96,ceramic,high,26.61,0.69,0,0,1
Cast Iron,1198.71,ceramic,high,12.98,1.99,1,0,0
Cast Iron,1227.36,die,high,26.49,2.12,0,0,0
Aluminum,747.33,die,low,27.26,1.43,0,1,1
Aluminum,736.22,sand,high,27.05,2.36,0,0,1
Cast Iron,1153.12,ceramic,low,29.24,1.73,1,1,1
Cast Iron,1345.96,sand,medium,16.59,1.58,1,1,0
Cast Iron,1223.71,ceramic,high,21.48,1.52,0,0,0
Steel,1554.31,ceramic,medium,24.54,1.58,1,1,1
Steel,1556.9,ceramic,high,10.9,2.92,1,0,0
Steel,1586.75,die,low,25.49,2.2,1,1,0
Aluminum,738.51,die,low,41.47,1.29,0,1,1
Steel,1492.26,ceramic,low,42.26,2.33,1,1,0
Aluminum,714.35,sand,low,23.52,1.33,0,1,1
Aluminum,689.37,ceramic,high,28.35,0.81,0,0,1
Steel,1528.83,ceramic,medium,6.51,1.69,1,1,0
Steel,1533.2,sand,low,35.35,2.38,1,1,1
Steel,1509.45,ceramic,high,23.21,1.44,1,1,0
Cast Iron,1242.78,sand,medium,25.05,2.67,1,1,0
Steel,1481.25,die,low,44.32,1.47,1,1,0
Cast Iron,1271.53,die,medium,25.78,1.37,0,1,0
Aluminum,725.9,sand,low,5.95,3.0,1,1,1
Cast Iron,1235.95,die,medium,15.24,1.71,0,0,0
Steel,1596.65,die,medium,26.4,2.51,1,1,0
Aluminum,655.72,sand,low,24.1,2.51,0,1,1
Aluminum,708.92,die,high,43.72,2.82,0,0,1
Aluminum,708.36,ceramic,medium,29.4,0.71,0,1,1
Cast Iron,1157.26,ceramic,low,36.03,1.18,1,1,1
Steel,1483.69,sand,medium,26.12,2.42,1,1,0
Aluminum,740.55,die,medium,24.78,1.91,0,1,1
Aluminum,704.45,ceramic,high,25.08,1.9,0,0,1
Aluminum,693.64,ceramic,medium,23.49,0.92,0,1,1
Cast Iron,1233.1,die,medium,29.24,1.2,0,1,0
Cast Iron,1327.63,die,low,16.27,1.8,1,1,0
Steel,1505.05,ceramic,low,45.1,1.19,1,1,1
Cast Iron,1321.83,ceramic,high,19.99,1.03,0,0,0
Aluminum,680.92,sand,medium,11.64,0.72,0,0,1
Steel,1529.73,sand,medium,9.34,0.89,1,1,0
Aluminum,664.38,ceramic,medium,5.6,2.42,0,0,1
Aluminum,732.5,sand,high,24.03,2.3,0,0,1
Cast Iron,1297.19,ceramic,medium,13.44,0.61,0,1,0
Steel,1529.51,ceramic,low,5.97,1.01,1,1,0
Cast Iron,1155.18,sand,high,28.4,1.9,0,0,1
Cast Iron,1246.25,sand,low,35.6,1.31,1,1,1
Steel,1483.78,die,low,8.86,2.56,1,1,0
Aluminum,691.34,die,high,25.74,2.46,0,0,1
Aluminum,735.64,die,low,38.46,2.73,1,1,1
Steel,1565.44,ceramic,medium,49.36,1.91,1,1,1
Aluminum,674.2,sand,high,35.02,1.38,0,0,1
Steel,1597.74,ceramic,low,16.02,2.02,1,1,0
Steel,1585.48,sand,medium,37.24,0.72,0,1,0
Cast Iron,1255.73,ceramic,medium,31.91,0.52,0,1,0
Steel,1529.52,die,low,14.53,0.54,1,1,0
Cast Iron,1330.25,die,medium,43.3,1.52,0,1,0
Aluminum,713.61,die,high,24.23,1.07,0,0,1
Aluminum,703.67,ceramic,low,48.29,0.89,0,1,1
Aluminum,724.91,sand,medium,37.53,2.04,0,1,1
Aluminum,673.51,sand,medium,34.01,2.99,1,1,1
Cast Iron,1325.68,die,low,37.78,0.94,1,1,0
Aluminum,703.14,die,low,26.51,1.87,0,1,1
Steel,1540.52,die,low,27.74,0.8,1,1,0
Steel,1463.49,die,low,43.3,2.84,1,1,1
Steel,1496.43,sand,high,35.64,1.23,0,1,1
Cast Iron,1235.35,ceramic,low,45.38,2.7,1,1,1
Aluminum,691.39,ceramic,high,45.09,1.21,0,0,1
Aluminum,727.83,ceramic,high,48.94,2.52,0,0,1
Aluminum,678.23,ceramic,low,36.51,1.02,0,1,1
Cast Iron,1186.42,die,high,27.6,1.23,0,0,0
Steel,1537.39,die,low,12.48,0.98,1,1,0
Steel,1542.25,die,low,36.74,1.16,1,1,0
Aluminum,662.16,ceramic,medium,18.12,2.59,0,0,1
Steel,1450.37,die,low,17.73,2.1,1,1,0
Steel,1587.65,die,medium,15.72,1.51,1,1,0
Cast Iron,1165.93,sand,high,44.38,2.93,1,0,1
Cast Iron,1329.57,sand,medium,44.06,1.66,1,1,1
Cast Iron,1229.84,die,high,33.39,2.92,1,1,1
Cast Iron,1280.61,sand,low,26.28,0.99,1,1,1
Aluminum,668.56,sand,high,35.25,2.76,0,0,1
Cast Iron,1314.78,die,high,32.33,0.53,0,0,0
Steel,1477.03,die,low,23.71,1.86,1,1,0
Aluminum,688.65,die,high,22.08,1.56,0,0,1
Steel,1485.7,die,low,22.23,1.81,1,1,0
Steel,1575.63,ceramic,medium,31.51,1.88,1,1,0
Steel,1578.75,ceramic,low,34.15,1.47,1,1,0
Cast Iron,1224.41,die,low,25.33,3.0,1,1,0
Cast Iron,1211.48,sand,high,48.59,2.94,1,1,1
Aluminum,727.36,die,medium,8.77,2.9,0,0,0
Aluminum,737.85,die,low,20.62,2.95,1,1,1
Cast Iron,1274.8,sand,medium,23.86,2.48,1,1,1
Steel,1589.11,ceramic,medium,5.76,2.97,1,1,0
Aluminum,688.3,die,high,21.42,2.73,0,0,1
Cast Iron,1180.38,die,low,17.32,1.54,1,1,0
Cast Iron,1185.93,ceramic,high,27.77,2.46,0,0,1
Cast Iron,1283.97,ceramic,low,20.14,2.78,1,1,0
Steel,1511.13,sand,medium,37.68,2.28,1,1,1
Cast Iron,1181.26,ceramic,low,27.95,1.56,1,1,1
Cast Iron,1208.45,ceramic,low,10.84,0.66,1,1,1
Cast Iron,1256.12,ceramic,medium,38.75,2.52,1,1,1
Cast Iron,1174.29,sand,medium,9.47,2.88,1,1,0
Aluminum,650.34,ceramic,low,42.76,1.41,0,1,1
Aluminum,741.73,ceramic,high,46.91,0.88,0,1,1
Cast Iron,1210.97,sand,low,19.51,1.32,1,1,0
Steel,1483.22,ceramic,medium,46.68,1.96,1,1,1
Aluminum,719.85,ceramic,high,40.69,1.29,0,0,1
Cast Iron,1320.68,sand,medium,46.51,2.03,1,1,1
Aluminum,713.23,die,medium,34.98,2.92,1,1,1
Aluminum,675.45,sand,high,15.6,2.18,0,0,1
Steel,1579.25,ceramic,medium,45.25,1.41,1,1,1
Cast Iron,1252.09,ceramic,medium,13.29,2.84,1,1,0
Cast Iron,1226.24,ceramic,medium,14.59,1.91,1,1,0
Steel,1540.71,sand,medium,17.2,0.82,0,1,0
Steel,1555.09,ceramic,medium,18.69,1.75,1,1,0
Cast Iron,1268.77,ceramic,medium,28.15,2.13,1,1,1
Cast Iron,1334.05,sand,medium,37.11,2.6,1,1,1
Steel,1544.2,die,medium,46.68,2.84,1,1,0
Aluminum,737.86,die,medium,8.98,1.29,0,0,0
Aluminum,708.7,ceramic,low,47.95,0.89,0,1,1
Steel,1499.45,sand,low,46.46,0.68,1,1,1
Aluminum,703.23,ceramic,medium,7.43,2.35,0,0,1
Steel,1462.95,sand,low,21.21,2.49,1,1,0
Aluminum,673.02,sand,high,41.59,1.52,0,0,1
Aluminum,726.62,die,low,32.52,1.49,0,1,1
Cast Iron,1282.3,die,medium,40.06,2.89,1,1,0
Cast Iron,1183.3,sand,medium,37.36,2.79,1,1,1
Aluminum,693.8,ceramic,low,27.35,1.08,0,1,1
Aluminum,664.2,die,medium,6.85,2.45,0,0,0
Cast Iron,1321.16,ceramic,high,31.29,2.06,0,0,0
Cast Iron,1171.83,die,high,7.19,0.89,0,0,0
Cast Iron,1280.85,die,medium,32.17,1.39,1,1,0
Steel,1541.05,ceramic,high,41.02,0.94,0,1,1
Aluminum,697.28,die,high,31.32,1.24,0,0,1
Cast Iron,1205.65,die,low,49.87,2.04,1,1,1
Aluminum,690.4,ceramic,high,25.51,1.44,0,0,1
Steel,1570.96,die,low,38.7,1.49,1,1,0
Steel,1564.23,die,medium,35.02,1.85,1,1,0
Cast Iron,1297.76,die,low,49.61,0.72,0,1,1
Steel,1562.47,ceramic,medium,37.09,2.35,1,1,1
Aluminum,664.39,sand,medium,12.38,1.5,0,0,1
Cast Iron,1169.82,ceramic,medium,48.0,1.7,1,1,1
Aluminum,736.15,sand,medium,35.05,2.94,1,1,1
Aluminum,733.72,die,medium,7.67,1.36,0,0,1
Steel,1552.2,sand,low,34.59,2.12,1,1,1
Steel,1540.89,ceramic,medium,44.74,1.48,1,1,1
Steel,1505.03,ceramic,high,30.97,2.74,1,1,0
Steel,1483.61,die,high,20.93,2.62,1,1,0
Steel,1550.15,sand,medium,41.94,1.1,1,1,1
Cast Iron,1332.61,die,high,40.21,2.23,1,1,0
Aluminum,693.7,die,low,29.49,0.66,0,1,1
Aluminum,680.32,ceramic,low,11.95,2.91,1,0,1
Aluminum,677.07,sand,medium,16.29,1.37,0,0,1
Aluminum,652.37,sand,medium,38.23,2.58,0,1,1
Steel,1528.05,sand,medium,41.27,1.3,1,1,0
Aluminum,748.82,sand,high,17.57,2.08,0,0,1
Cast Iron,1313.05,die,high,21.56,2.96,1,1,0
Cast Iron,1329.49,die,low,8.49,2.69,1,1,0
Aluminum,712.12,ceramic,high,37.11,0.9,0,0,1
Aluminum,698.14,die,low,5.16,1.87,0,1,0
Cast Iron,1348.09,die,high,7.09,1.37,0,0,0
Cast Iron,1239.43,ceramic,low,5.2,1.59,1,1,0
Steel,1587.52,ceramic,medium,34.04,1.34,1,1,0
Cast Iron,1302.37,ceramic,high,23.78,1.34,0,0,1
Steel,1499.65,die,low,18.39,1.86,1,1,0
Steel,1525.46,die,high,46.07,0.98,0,1,0
Steel,1507.65,ceramic,medium,13.68,1.84,1,1,0
Steel,1470.43,ceramic,low,22.52,1.2,1,1,0
Steel,1503.51,ceramic,high,47.31,1.22,0,0,0
Aluminum,738.9,die,high,24.22,2.35,0,0,1
Cast Iron,1300.53,die,medium,29.96,0.57,0,1,0
Steel,1491.64,sand,medium,8.62,1.45,1,1,0
Cast Iron,1223.58,die,low,40.56,1.52,1,1,0
Cast Iron,1273.29,die,high,24.02,1.71,0,0,0
Steel,1512.42,die,high,41.02,2.17,1,0,0
Aluminum,700.3,ceramic,medium,16.42,1.42,0,0,1
Steel,1554.73,die,medium,24.01,1.03,1,1,0
Aluminum,696.73,ceramic,low,40.39,2.71,1,1,1
Cast Iron,1188.19,sand,high,48.82,2.95,1,1,1
Aluminum,702.06,sand,high,7.68,0.55,0,0,1
Aluminum,685.61,ceramic,low,41.56,1.87,1,1,1
Aluminum,679.07,ceramic,low,18.53,1.35,0,1,1
Cast Iron,1215.62,ceramic,medium,29.78,1.19,0,1,1
Cast Iron,1237.8,die,medium,18.05,1.34,1,1,0
Aluminum,738.66,sand,low,32.61,2.1,1,1,1
Aluminum,723.41,ceramic,low,20.92,0.98,0,1,1
Steel,1550.18,die,high,20.01,2.78,1,0,0
Aluminum,697.13,sand,low,6.71,1.67,0,1,1
Steel,1450.27,die,low,11.61,1.31,1,1,0
Aluminum,684.06,sand,high,46.27,2.41,0,0,1
Steel,1571.98,die,low,49.92,0.54,1,1,0
Cast Iron,1227.63,sand,medium,40.12,1.58,1,1,1
Aluminum,706.38,sand,medium,17.91,1.39,0,0,1
Aluminum,670.47,die,high,23.11,1.35,0,0,1
Aluminum,741.59,ceramic,low,38.28,1.34,1,1,1
Aluminum,742.32,sand,medium,48.58,0.58,0,1,1
Steel,1471.91,ceramic,medium,25.5,0.88,1,1,0
Aluminum,722.42,die,medium,42.33,0.85,0,1,1
Cast Iron,1165.05,ceramic,medium,48.88,2.97,1,1,1
Cast Iron,1269.71,ceramic,low,44.31,0.56,0,1,1
Aluminum,667.87,ceramic,low,15.22,0.92,0,1,1
Cast Iron,1179.14,ceramic,low,5.36,2.94,1,1,0
Aluminum,650.41,ceramic,low,27.14,2.07,0,1,1
Aluminum,744.09,sand,medium,28.91,1.63,0,1,1
Cast Iron,1315.85,sand,high,14.06,0.7,0,0,0
Aluminum,657.75,sand,high,17.81,2.17,0,0,0
Cast Iron,1269.88,die,medium,39.43,0.84,0,1,0
Steel,1484.93,ceramic,medium,26.17,2.18,1,1,0
Aluminum,676.4,sand,high,19.28,2.95,0,0,1
Steel,1581.13,die,high,33.02,1.83,1,1,0
Cast Iron,1172.87,sand,medium,34.37,1.04,1,1,1
Steel,1540.22,sand,medium,39.62,2.06,1,1,1
Steel,1510.19,ceramic,low,12.05,1.78,1,1,0
Cast Iron,1188.16,die,low,38.37,1.83,1,1,1
Steel,1517.79,ceramic,high,31.97,1.7,0,0,0
Steel,1591.07,ceramic,medium,7.59,2.18,1,1,0
Cast Iron,1306.32,sand,high,39.99,1.93,0,0,1
Steel,1469.82,ceramic,low,22.24,2.97,1,1,0
Cast Iron,1319.89,die,low,19.87,2.56,1,1,0
Steel,1590.62,ceramic,high,25.16,1.16,0,1,0
Cast Iron,1205.39,ceramic,low,20.58,2.31,1,1,0
Cast Iron,1216.68,ceramic,medium,20.22,1.04,1,1,1
Steel,1468.95,sand,high,41.36,2.46,1,1,1
Steel,1501.74,die,medium,10.6,0.87,1,1,0
Steel,1550.97,sand,medium,48.68,1.68,1,1,1
Aluminum,677.22,sand,low,29.97,2.48,0,1,1
Aluminum,650.68,sand,medium,13.23,1.2,0,0,1
Aluminum,683.85,sand,high,10.9,2.59,0,0,1
Cast Iron,1240.63,sand,medium,31.62,2.11,1,1,1
Steel,1534.95,die,medium,33.48,1.49,1,1,0
Cast Iron,1286.77,ceramic,medium,7.39,1.56,0,0,0
Aluminum,656.18,sand,medium,15.94,2.81,0,0,1
Steel,1520.46,sand,medium,40.8,1.04,0,1,0
Cast Iron,1203.27,die,low,7.23,2.23,1,1,0
Steel,1592.2,die,high,43.48,2.27,1,1,0
Cast Iron,1221.98,ceramic,low,34.62,2.81,1,1,1
Steel,1465.02,die,high,24.55,2.28,1,0,0
Aluminum,654.15,ceramic,high,20.59,1.96,0,0,1
Aluminum,676.54,sand,high,5.87,2.76,0,0,1
Steel,1476.83,sand,high,42.13,2.57,1,1,1
Cast Iron,1279.96,ceramic,high,11.42,2.29,1,0,0
Aluminum,734.7,die,medium,18.93,0.58,0,0,0
Aluminum,681.26,ceramic,low,30.61,1.43,0,1,1
Aluminum,707.78,die,low,16.07,2.08,0,1,1
Steel,1559.55,sand,medium,27.37,1.81,1,1,0
Steel,1509.77,die,high,41.42,1.3,0,1,0
Cast Iron,1163.27,ceramic,low,26.17,0.86,0,1,1
Cast Iron,1195.84,ceramic,medium,47.7,1.88,1,1,1
Cast Iron,1326.61,sand,medium,43.14,1.21,0,1,1
Steel,1573.67,die,low,19.99,1.08,1,1,0
Steel,1462.98,die,low,23.0,1.5,1,1,0
Cast Iron,1194.79,die,high,24.05,2.46,1,0,0
Cast Iron,1303.83,sand,high,33.18,1.72,0,0,0
Steel,1522.88,die,low,17.91,1.04,1,1,0
Cast Iron,1301.99,ceramic,high,48.62,0.79,0,1,1
Aluminum,671.11,die,medium,32.39,1.75,0,0,1
Steel,1592.9,sand,high,22.97,2.49,1,1,0
Cast Iron,1306.72,die,high,34.03,2.13,0,0,0
Steel,1479.62,die,medium,22.79,1.08,0,1,0
Aluminum,705.84,ceramic,high,41.8,1.59,0,0,1
Steel,1466.96,die,medium,30.55,2.64,1,1,0
Steel,1504.22,ceramic,high,6.89,0.94,0,0,0
Steel,1548.94,ceramic,low,12.95,1.83,1,1,0
Steel,1499.52,sand,high,43.92,1.39,0,1,1
Aluminum,715.68,ceramic,low,30.33,0.81,0,1,1
Steel,1486.72,ceramic,low,47.77,0.62,1,1,1
Steel,1558.18,sand,low,8.26,1.89,1,1,0
Cast Iron,1221.92,ceramic,low,18.29,0.55,1,1,0
Steel,1568.57,sand,low,13.71,0.76,1,1,0
Cast Iron,1177.34,die,medium,29.92,1.37,0,1,0
Aluminum,686.2,sand,medium,22.23,0.61,0,1,1
Aluminum,696.39,ceramic,medium,12.08,1.5,0,0,1
Aluminum,692.38,sand,low,33.92,0.83,0,1,1
Aluminum,693.31,ceramic,high,29.13,1.37,0,0,1
Cast Iron,1238.96,die,medium,17.36,2.48,1,0,0
Steel,1598.32,sand,high,26.59,2.07,1,1,0
Aluminum,669.32,die,high,38.56,1.61,0,0,1
Steel,1565.3,ceramic,low,14.24,0.73,1,1,0
Cast Iron,1260.36,ceramic,low,18.18,2.05,1,1,0
Cast Iron,1232.73,die,low,20.57,0.91,0,1,0
Cast Iron,1276.71,sand,medium,38.6,0.69,0,1,1
Aluminum,735.35,sand,low,43.11,2.16,0,1,1
Steel,1520.0,ceramic,medium,21.94,2.78,1,1,0
Steel,1579.72,die,medium,18.35,1.65,1,1,0
Steel,1464.07,die,medium,45.03,0.6,0,1,0
Cast Iron,1280.62,sand,medium,49.97,2.7,1,1,1
Aluminum,683.32,sand,low,35.17,0.67,0,1,1
Cast Iron,1227.34,sand,medium,49.55,2.67,1,1,1
Cast Iron,1264.2,die,low,34.7,1.48,1,1,1
Steel,1521.99,sand,low,38.01,1.41,1,1,1
Cast Iron,1226.36,sand,medium,22.49,1.86,1,1,0
Steel,1496.25,ceramic,low,24.48,2.89,1,1,0
Aluminum,711.83,sand,high,11.49,2.75,0,0,1
Steel,1525.84,sand,low,42.02,1.68,1,1,1
Aluminum,682.33,die,low,46.9,2.24,1,1,1
Steel,1480.74,die,medium,33.05,1.95,1,1,0
Cast Iron,1304.89,ceramic,medium,20.46,2.23,1,1,0
Cast Iron,1309.94,sand,low,11.93,2.57,1,1,0
Aluminum,671.38,ceramic,medium,16.93,0.59,0,0,1
Aluminum,676.16,die,high,16.49,1.31,0,0,1
Aluminum,673.91,ceramic,high,32.61,2.9,0,0,1
Steel,1582.69,die,medium,47.53,2.87,1,1,0
Steel,1566.12,ceramic,low,7.17,0.53,1,1,0
Aluminum,657.46,ceramic,high,5.05,1.0,0,0,1
Cast Iron,1316.53,sand,high,32.01,2.98,1,1,1
Steel,1455.53,ceramic,low,17.78,1.73,1,1,0
Steel,1487.98,sand,medium,44.62,1.93,1,1,1
Steel,1587.85,sand,high,19.73,0.92,1,1,0
Aluminum,736.43,sand,low,18.04,2.74,1,1,1
Aluminum,728.14,sand,low,17.13,1.08,0,1,1
Aluminum,695.75,ceramic,high,11.52,0.97,0,0,1
Aluminum,682.14,die,medium,31.17,1.07,0,0,1
Aluminum,738.15,die,high,12.57,2.8,0,0,0
Cast Iron,1281.41,die,low,24.11,2.26,1,1,0
Cast Iron,1209.1,ceramic,high,25.74,2.42,1,0,1
Aluminum,696.32,sand,medium,5.92,1.44,0,0,1
Steel,1582.23,die,low,5.76,2.77,1,1,0
Aluminum,740.35,ceramic,medium,28.41,2.47,0,0,1
Cast Iron,1281.86,sand,high,36.32,2.38,1,0,1
Cast Iron,1296.51,die,high,47.4,2.93,1,1,1
Steel,1455.89,sand,medium,13.06,1.42,1,1,0
Cast Iron,1270.92,die,high,9.65,2.03,0,0,0
Aluminum,718.9,die,medium,7.34,2.77,1,0,0
Steel,1453.06,die,high,24.62,2.48,1,0,0
Aluminum,734.39,sand,medium,33.04,1.91,0,0,1
Aluminum,742.83,ceramic,medium,42.82,0.69,0,1,1
Steel,1485.69,sand,low,35.72,2.13,1,1,1
Aluminum,734.58,die,low,14.38,1.82,0,1,0
Cast Iron,1283.1,sand,medium,25.78,0.96,0,1,1
Aluminum,708.07,ceramic,high,45.97,2.71,0,0,1
Steel,1576.47,sand,high,19.7,1.36,1,1,0
Steel,1492.84,ceramic,high,27.44,1.47,0,0,0
Steel,1568.63,ceramic,medium,48.14,2.18,1,1,1
Aluminum,681.45,sand,medium,38.06,1.72,0,1,1
Steel,1568.12,die,medium,38.65,0.72,0,1,0
Steel,1517.66,ceramic,medium,16.36,1.47,1,1,0
Aluminum,661.69,sand,low,23.66,0.74,0,1,1
Cast Iron,1226.3,ceramic,medium,8.71,0.98,0,1,0
Aluminum,673.35,die,high,32.29,0.52,0,0,1
Steel,1465.08,sand,low,9.67,0.95,1,1,0
Steel,1466.54,sand,high,42.62,1.33,1,1,1
Aluminum,728.01,sand,medium,41.65,1.85,0,1,1
Cast Iron,1326.28,die,low,29.01,2.8,1,1,0
Steel,1589.07,ceramic,medium,11.35,1.85,1,1,0
Steel,1578.09,sand,low,6.15,2.26,1,1,0
Steel,1574.53,ceramic,high,40.85,1.39,1,1,1
Aluminum,656.88,ceramic,medium,32.01,2.38,0,1,1
Steel,1568.52,die,medium,36.99,2.05,1,1,0
Cast Iron,1306.66,sand,low,18.67,1.65,1,1,0
Steel,1469.69,ceramic,low,27.93,0.98,1,1,0
Steel,1549.3,sand,medium,38.62,1.26,0,1,0
Cast Iron,1240.5,sand,low,25.82,2.05,1,1,1
Steel,1585.0,die,medium,32.06,1.57,1,1,0
Aluminum,719.54,sand,low,40.54,2.72,0,1,1
Aluminum,745.1,sand,high,14.68,1.09,0,0,1
Aluminum,660.49,ceramic,low,7.97,0.68,0,1,1
Cast Iron,1158.12,die,high,28.93,1.97,0,0,0
Steel,1596.04,sand,low,7.8,2.72,1,1,0
Aluminum,658.02,ceramic,low,39.5,1.41,0,1,1
Cast Iron,1227.24,die,medium,37.36,2.12,0,1,0
Steel,1547.5,die,low,44.68,1.08,1,1,0
Cast Iron,1326.01,ceramic,low,33.78,1.9,1,1,1
Aluminum,675.46,ceramic,high,8.02,2.47,0,0,1
Aluminum,652.91,ceramic,low,16.39,2.67,1,1,1
Aluminum,702.13,ceramic,medium,41.36,0.76,0,1,1
Cast Iron,1244.22,ceramic,high,12.52,1.39,0,0,0
Cast Iron,1211.38,sand,medium,36.43,2.1,1,1,1
Aluminum,737.39,sand,medium,40.11,0.59,0,1,1
Cast Iron,1299.86,die,medium,19.86,2.23,1,1,0
Aluminum,735.81,sand,medium,19.5,1.82,0,0,1
Aluminum,666.18,sand,high,30.1,1.22,0,0,1
Steel,1553.86,sand,low,43.76,2.54,1,1,0
Cast Iron,1345.02,ceramic,medium,15.08,1.23,1,1,0
Aluminum,711.19,die,high,47.36,2.98,0,0,1
Aluminum,667.14,die,medium,31.96,2.54,1,1,1
Cast Iron,1349.16,die,low,49.65,2.27,1,1,1
Steel,1529.25,die,high,9.03,0.65,0,0,0
Steel,1576.01,sand,high,10.7,2.76,1,0,0
Aluminum,664.94,sand,low,42.2,2.48,1,1,1
Cast Iron,1283.22,ceramic,high,43.91,1.07,0,0,0
Steel,1586.89,die,low,25.05,1.48,1,1,0
Cast Iron,1256.4,sand,high,37.13,1.17,0,1,1
Cast Iron,1207.73,sand,high,44.04,2.96,1,1,1
Aluminum,662.74,ceramic,low,6.94,2.64,1,1,1
Steel,1494.39,ceramic,low,30.83,2.83,1,1,0
Aluminum,685.49,ceramic,high,43.41,2.47,0,0,1
Steel,1556.49,sand,high,22.92,1.64,1,0,0
Steel,1476.79,sand,low,18.61,1.01,1,1,0
Steel,1465.92,ceramic,low,40.81,1.02,1,1,0
Steel,1508.04,die,high,20.11,0.88,0,0,0
Steel,1518.8,ceramic,high,5.14,1.87,1,0,0
Cast Iron,1275.68,ceramic,high,48.18,2.8,1,1,1
Aluminum,720.75,ceramic,low,31.65,2.98,1,1,1
Cast Iron,1327.86,ceramic,high,41.88,1.22,0,0,1
Steel,1493.34,sand,medium,42.14,2.24,1,1,1
Aluminum,702.86,die,low,7.99,1.99,1,1,0
Steel,1504.91,ceramic,high,12.69,1.72,1,0,0
Aluminum,650.14,die,low,19.0,2.16,0,1,1
Cast Iron,1265.89,die,medium,19.43,1.43,1,1,0
Aluminum,731.58,die,low,34.65,2.86,1,1,1
Aluminum,653.64,ceramic,high,33.04,2.26,0,0,1
Aluminum,650.35,sand,medium,27.26,2.39,0,0,1
Aluminum,722.78,ceramic,medium,14.51,1.11,0,0,1
Aluminum,718.39,die,high,22.19,0.92,0,0,1
Steel,1510.88,die,high,29.46,1.49,1,1,0
Aluminum,716.16,sand,high,26.06,2.42,0,0,1
Aluminum,745.34,ceramic,low,10.73,2.85,1,1,1
Cast Iron,1199.57,die,low,34.23,1.57,1,1,0
Aluminum,674.59,sand,low,8.29,2.44,1,1,1
Cast Iron,1187.25,die,high,22.02,1.68,0,0,0
Steel,1558.6,sand,high,36.95,1.24,0,1,0
Aluminum,685.32,sand,low,5.9,2.35,1,1,1
Cast Iron,1347.74,ceramic,medium,30.65,2.5,1,1,1
Cast Iron,1292.93,die,low,20.05,1.01,1,1,0
Steel,1505.11,ceramic,medium,5.4,1.26,1,1,0
Aluminum,664.92,die,high,13.57,1.74,0,0,1
Aluminum,709.2,ceramic,high,47.34,0.97,0,0,1
Cast Iron,1208.98,die,low,28.45,2.82,1,1,0
Aluminum,740.55,ceramic,low,49.88,1.98,0,1,1
Cast Iron,1238.28,sand,high,28.62,0.8,0,0,1
Aluminum,679.26,die,low,29.48,0.96,0,1,1
Cast Iron,1267.71,die,high,22.63,2.89,1,0,0
Aluminum,663.7,sand,high,18.95,2.35,0,0,1
Steel,1534.23,ceramic,medium,16.32,2.34,1,1,0
Aluminum,655.61,die,low,20.45,0.68,0,1,1
Aluminum,710.69,die,high,25.69,2.74,0,0,0
Steel,1529.52,ceramic,low,13.64,1.61,1,1,0
Aluminum,702.08,sand,medium,15.12,2.15,0,0,1
Steel,1552.62,ceramic,medium,17.22,2.9,1,1,0
Aluminum,654.45,ceramic,low,25.22,0.75,0,1,1
Cast Iron,1241.95,ceramic,low,34.38,1.71,1,1,1
Cast Iron,1238.81,die,high,43.53,0.62,0,1,1
Aluminum,695.98,sand,medium,17.92,1.75,0,0,1
Aluminum,747.99,sand,medium,13.27,1.13,0,0,1
Aluminum,663.93,ceramic,medium,22.05,2.78,1,0,1
Cast Iron,1288.09,die,low,45.25,1.5,1,1,1
Aluminum,690.2,ceramic,high,5.44,2.08,0,0,1
Cast Iron,1252.35,die,low,35.5,2.65,1,1,0
Steel,1564.36,die,low,26.47,2.96,1,1,0
Cast Iron,1181.48,die,low,12.25,1.76,1,1,0
Cast Iron,1302.72,die,high,19.45,1.64,0,0,0
Steel,1460.55,sand,low,15.12,0.69,1,1,0
Cast Iron,1246.66,die,medium,44.5,0.53,0,1,0
Aluminum,724.21,die,medium,26.68,2.02,0,0,1
Aluminum,669.26,ceramic,medium,30.34,0.66,0,0,1
Cast Iron,1304.18,ceramic,high,31.72,1.45,0,1,1
Aluminum,666.68,sand,low,33.78,0.51,0,1,1
Cast Iron,1309.85,ceramic,high,27.3,2.04,0,0,0
Aluminum,696.89,die,low,5.8,1.56,0,1,1
Aluminum,718.46,ceramic,medium,20.06,0.82,0,1,1
Cast Iron,1333.48,sand,low,13.27,1.24,1,1,0
Aluminum,690.84,ceramic,low,35.61,1.92,0,1,1
Cast Iron,1196.59,ceramic,low,7.55,2.14,1,1,0
Aluminum,736.72,sand,high,30.37,1.66,0,0,1
Aluminum,666.16,sand,low,14.48,2.51,1,1,1
Steel,1544.72,die,low,47.7,0.78,1,1,0
Steel,1588.49,ceramic,low,20.1,0.71,1,1,0
Cast Iron,1284.88,die,high,19.63,0.61,0,1,0
Steel,1479.35,ceramic,high,46.55,1.84,1,1,1
Cast Iron,1180.46,ceramic,high,23.78,2.27,1,0,1
Steel,1487.85,die,low,48.33,0.83,1,1,0
Aluminum,689.14,ceramic,medium,6.09,2.1,0,0,1
Cast Iron,1181.83,ceramic,medium,18.79,1.69,1,1,1
Cast Iron,1309.56,ceramic,medium,34.98,2.97,1,1,1
Aluminum,685.7,sand,low,45.09,2.29,0,1,1
Cast Iron,1337.22,die,medium,16.54,2.14,1,1,0
Cast Iron,1318.5,sand,medium,46.87,1.93,1,1,1
Steel,1586.32,die,medium,31.74,2.99,1,1,0
Cast Iron,1208.9,die,low,41.05,2.95,1,1,1
Aluminum,707.37,ceramic,medium,22.87,1.85,0,1,1
Steel,1498.22,die,medium,14.55,1.64,1,1,0
Steel,1488.54,sand,low,46.01,1.66,1,1,1
Aluminum,710.71,sand,high,46.99,1.57,0,0,1
Aluminum,731.8,sand,medium,27.39,1.83,0,0,1
Steel,1464.04,die,high,5.29,1.18,0,0,0
Cast Iron,1205.15,sand,medium,9.94,2.82,1,0,0
Steel,1480.77,die,low,30.79,1.73,1,1,0
Aluminum,729.84,sand,high,6.07,2.61,0,0,1
Steel,1590.01,sand,high,22.86,1.69,0,0,0
Aluminum,657.99,die,high,18.65,2.3,0,0,1
Steel,1506.88,sand,high,37.15,1.34,1,1,1
Cast Iron,1332.9,ceramic,medium,7.5,2.06,1,1,0
Steel,1501.7,die,medium,26.99,1.75,1,1,0
Steel,1556.9,die,high,31.06,1.42,0,1,0
Aluminum,660.07,die,medium,32.78,2.7,1,1,1
Aluminum,694.44,ceramic,high,23.23,0.78,0,0,1
Aluminum,700.33,die,high,18.7,1.72,0,0,0
Steel,1563.65,sand,low,35.71,0.99,1,1,1
Cast Iron,1207.76,sand,high,43.14,2.65,1,1,1
Aluminum,676.42,sand,medium,36.21,1.13,0,1,1
Aluminum,680.3,die,high,46.94,2.08,0,0,1
Steel,1533.35,sand,low,37.28,0.91,1,1,0
Aluminum,737.6,die,medium,39.41,1.51,0,1,1
Cast Iron,1316.19,sand,low,12.56,2.75,1,1,0
Cast Iron,1161.59,ceramic,low,23.88,0.92,0,1,0
Aluminum,737.9,ceramic,high,26.83,2.16,0,0,1
Aluminum,659.51,ceramic,low,16.53,1.01,0,1,1
Steel,1512.3,ceramic,low,28.78,1.54,1,1,0
Cast Iron,1303.08,die,medium,18.09,1.85,1,1,0
Cast Iron,1166.3,sand,low,35.94,1.94,1,1,1
Aluminum,654.04,ceramic,high,26.16,2.01,0,0,1
Steel,1499.5,die,high,25.65,2.1,1,1,0
Cast Iron,1295.99,ceramic,high,49.26,1.18,0,1,1
Cast Iron,1254.35,ceramic,low,22.66,1.5,1,1,1
Steel,1512.55,die,medium,21.3,0.59,1,1,0
Steel,1571.96,die,high,19.34,2.42,1,0,0
Cast Iron,1303.34,sand,low,45.26,2.59,1,1,1
Cast Iron,1307.21,sand,high,27.35,1.0,0,0,1
Steel,1518.96,ceramic,high,32.0,1.0,0,1,0
Cast Iron,1153.89,ceramic,medium,13.14,0.61,0,1,0
Aluminum,667.21,sand,high,29.34,2.93,0,0,1
Aluminum,724.13,sand,medium,17.36,2.52,0,0,1
Steel,1562.98,die,low,37.88,1.4,1,1,0
Steel,1595.84,sand,high,42.46,1.7,1,1,1
Steel,1478.53,sand,low,37.17,1.23,1,1,0
Aluminum,662.29,ceramic,low,37.86,1.99,0,1,1
Cast Iron,1177.76,sand,low,28.06,2.29,1,1,1
Aluminum,668.48,ceramic,high,37.05,1.62,0,0,1
Cast Iron,1255.69,sand,medium,24.02,2.68,1,1,1
Aluminum,747.52,die,high,34.32,1.79,0,0,1
Cast Iron,1267.89,sand,low,16.66,0.86,1,1,0
Aluminum,702.27,sand,medium,8.14,2.06,0,0,0
Steel,1551.0,sand,low,23.61,1.66,1,1,0
Aluminum,657.39,ceramic,medium,25.78,2.84,1,1,1
Cast Iron,1313.07,die,high,16.54,1.48,1,1,0
Aluminum,714.69,sand,medium,37.75,1.51,0,1,1
Aluminum,667.12,ceramic,high,8.31,2.13,0,0,1
Aluminum,713.07,die,low,15.02,1.82,0,1,1
Steel,1539.43,ceramic,medium,38.69,1.44,1,1,1
Aluminum,656.49,ceramic,low,24.67,2.97,1,1,1
Steel,1490.04,die,medium,36.74,1.26,1,1,0
Steel,1508.64,sand,high,30.54,1.19,1,1,1
Aluminum,674.49,ceramic,medium,47.78,2.66,0,0,1
Aluminum,674.32,ceramic,medium,31.9,0.51,0,0,1
Aluminum,707.29,sand,high,5.67,1.0,0,0,1
Cast Iron,1244.17,sand,high,20.88,1.98,1,0,1
Aluminum,716.73,die,high,11.44,0.91,0,0,0
Steel,1593.46,die,medium,46.61,2.96,1,1,0
Aluminum,716.06,die,low,9.68,1.66,0,1,0
Cast Iron,1266.42,sand,medium,22.45,1.99,1,1,0
Aluminum,734.76,ceramic,medium,15.17,0.9,0,0,1
Cast Iron,1276.41,ceramic,low,43.1,1.22,1,1,1
Cast Iron,1183.11,die,high,18.89,2.04,1,0,0
Aluminum,681.47,sand,medium,49.64,1.87,0,1,1
Steel,1560.0,ceramic,low,6.74,2.46,1,1,0
Cast Iron,1297.68,die,high,10.77,1.17,0,0,0
Aluminum,748.7,ceramic,high,15.11,2.13,0,0,1
Aluminum,712.7,ceramic,medium,41.5,1.23,0,1,1
Steel,1584.93,sand,high,44.53,1.97,0,1,0
Cast Iron,1160.92,sand,high,8.22,2.01,0,0,0
Cast Iron,1263.24,ceramic,low,6.46,0.8,1,1,0
Aluminum,741.98,die,low,38.51,1.87,0,1,1
Aluminum,678.72,sand,high,11.0,0.53,0,0,1
Steel,1473.23,ceramic,low,10.98,1.75,1,1,0
Steel,1502.58,sand,high,6.01,2.24,1,0,0
Cast Iron,1308.45,sand,medium,7.24,0.68,1,1,0
Cast Iron,1166.94,sand,low,16.87,2.85,1,1,0
Aluminum,710.03,ceramic,high,7.93,1.65,0,0,0
Cast Iron,1177.13,die,high,21.6,2.85,1,0,0
Steel,1515.33,die,low,42.47,0.77,1,1,0
Steel,1594.9,die,low,19.68,2.87,1,1,0
Aluminum,669.51,sand,medium,37.75,0.77,0,0,1
Steel,1455.1,ceramic,high,9.23,1.65,1,0,0
Steel,1514.08,sand,medium,34.67,2.84,1,1,1
Steel,1536.65,die,medium,19.25,1.08,1,1,0
Steel,1494.63,die,medium,38.74,0.59,0,1,0
Aluminum,704.18,ceramic,low,11.13,2.48,0,1,1
Aluminum,745.34,sand,medium,45.4,1.99,0,1,1
Cast Iron,1212.35,die,low,15.92,1.78,1,1,0
Steel,1496.41,ceramic,low,20.89,0.59,1,1,0
Cast Iron,1246.55,sand,medium,47.76,2.13,1,1,1
Aluminum,701.53,sand,medium,31.03,0.93,0,0,1
Aluminum,650.14,die,high,21.46,2.83,0,0,1
Aluminum,711.59,die,medium,47.73,2.21,0,1,1
Aluminum,749.74,sand,high,19.81,2.27,0,0,1
Aluminum,679.2,sand,medium,9.27,1.08,0,0,1
Aluminum,713.08,die,medium,49.86,2.7,1,1,1
Aluminum,650.46,sand,medium,17.05,1.84,0,0,1
Steel,1540.65,die,medium,43.31,2.64,1,1,0
Cast Iron,1239.41,sand,high,12.45,1.18,0,0,0
Aluminum,703.03,die,high,37.91,2.39,0,0,1
Steel,1531.59,ceramic,medium,28.6,1.94,1,1,1
Steel,1476.54,die,medium,49.14,0.62,0,1,0
Cast Iron,1303.99,die,high,29.88,1.51,1,1,1
Aluminum,705.55,ceramic,low,6.13,0.96,0,1,1
Cast Iron,1204.04,sand,low,32.17,1.4,1,1,1
Aluminum,743.74,ceramic,low,11.54,1.46,0,1,1
Steel,1451.92,die,high,40.93,1.69,0,1,0
Steel,1558.89,sand,high,43.55,2.0,1,1,1
Steel,1507.19,ceramic,low,26.69,1.93,1,1,0
Steel,1528.38,sand,low,40.24,0.6,1,1,1
Cast Iron,1208.3,sand,medium,11.53,2.38,1,1,0
Aluminum,682.13,ceramic,high,27.14,2.87,0,0,1
Aluminum,651.52,sand,high,22.73,1.37,0,0,1
Cast Iron,1295.97,ceramic,low,32.51,0.95,1,1,1
Aluminum,721.08,die,low,7.0,1.85,1,1,0
Steel,1548.15,sand,high,38.85,2.26,1,1,0
Aluminum,737.8,die,medium,8.56,2.2,0,0,0
Steel,1585.19,die,low,34.54,2.03,1,1,0
Cast Iron,1261.29,sand,high,5.83,0.87,0,0,0
Aluminum,718.48,ceramic,high,42.43,2.59,0,0,1
Cast Iron,1152.2,sand,medium,12.86,1.56,0,1,0
Aluminum,734.63,die,medium,28.2,1.05,0,1,1
Steel,1572.46,die,low,16.77,0.72,1,1,0
Cast Iron,1154.05,ceramic,low,37.52,1.54,1,1,1
Aluminum,704.28,sand,low,19.46,2.04,1,1,1
Steel,1586.0,die,high,37.61,2.16,1,1,0
Cast Iron,1186.28,die,low,17.82,2.91,1,1,0
Cast Iron,1220.53,die,high,38.86,0.88,0,0,0
Aluminum,683.11,ceramic,low,6.38,2.96,1,1,1
Aluminum,685.59,die,medium,17.75,2.14,0,0,1
Aluminum,654.19,die,medium,27.44,1.64,0,0,1
Steel,1491.85,sand,high,7.03,2.72,1,1,0
Aluminum,679.49,sand,medium,13.37,2.24,0,0,1
Cast Iron,1323.17,die,high,47.05,1.37,1,1,1
Cast Iron,1220.42,die,high,48.96,2.71,1,1,1
Aluminum,694.72,sand,medium,38.29,2.17,0,1,1
Aluminum,688.07,ceramic,high,16.35,2.25,0,0,1
Cast Iron,1174.13,ceramic,medium,16.72,2.74,1,1,0
Steel,1598.55,ceramic,low,34.06,1.62,1,1,0
Aluminum,732.58,ceramic,low,10.29,2.14,1,1,1
Aluminum,704.09,ceramic,medium,47.67,2.36,0,1,1
Cast Iron,1245.27,ceramic,medium,15.12,1.63,1,1,1
Aluminum,714.93,ceramic,medium,49.98,0.71,0,1,1
Steel,1498.96,ceramic,medium,27.31,2.43,1,1,0
Cast Iron,1160.06,sand,low,39.71,0.62,0,1,1
Aluminum,690.43,ceramic,high,5.1,2.29,0,0,1
Cast Iron,1346.8,ceramic,high,44.99,2.78,1,0,1
Aluminum,668.23,ceramic,low,17.15,1.37,0,1,1
Aluminum,702.77,die,high,35.06,0.76,0,0,1
Aluminum,650.85,sand,low,41.29,1.08,0,1,1
Steel,1468.3,sand,high,12.39,1.91,1,0,0
Steel,1538.08,sand,medium,24.91,2.86,1,1,0
Cast Iron,1209.48,ceramic,medium,27.22,1.78,1,1,1
Aluminum,740.57,ceramic,medium,19.05,0.78,0,0,1
Aluminum,690.62,die,low,26.68,2.07,1,1,1
Steel,1481.21,sand,low,19.29,2.33,1,1,0
Aluminum,704.56,ceramic,high,21.23,1.48,0,0,1
Steel,1569.25,sand,high,35.12,2.3,1,1,0
Aluminum,651.94,die,high,33.47,1.31,0,0,1
Cast Iron,1251.1,die,low,15.45,2.47,1,1,0
Aluminum,727.34,die,high,45.39,1.35,0,0,1
Aluminum,660.36,sand,medium,43.83,1.14,0,1,1
Steel,1585.42,ceramic,high,27.91,2.7,1,1,0
Aluminum,676.45,ceramic,medium,24.5,1.87,0,0,1
Aluminum,667.06,die,low,21.96,1.21,0,1,1
Steel,1538.39,ceramic,medium,36.83,2.84,1,1,1
Cast Iron,1185.01,die,medium,35.22,2.23,1,1,0
Cast Iron,1285.94,sand,medium,13.83,1.05,0,1,0
Steel,1523.52,die,low,35.22,2.04,1,1,0
Steel,1466.49,sand,low,16.36,2.68,1,1,0
Steel,1586.87,die,low,5.84,2.24,1,1,0
Steel,1550.98,ceramic,low,36.46,1.11,1,1,0
Steel,1531.9,ceramic,high,34.02,2.12,1,1,1
Cast Iron,1224.87,die,low,23.49,2.05,1,1,0
Cast Iron,1176.97,ceramic,medium,28.66,2.55,1,1,1
Steel,1556.13,ceramic,low,47.62,0.95,1,1,1
Aluminum,731.37,ceramic,high,31.78,2.25,0,0,1
Steel,1468.87,sand,high,34.6,0.57,0,1,1
Aluminum,699.46,ceramic,high,7.88,2.24,0,0,1
Steel,1522.73,sand,medium,12.47,2.9,1,1,0
Steel,1502.49,die,low,18.54,0.94,1,1,0
Cast Iron,1307.87,ceramic,low,29.27,1.28,1,1,1
Aluminum,659.95,ceramic,low,39.95,1.96,0,1,1
Aluminum,670.5,ceramic,medium,19.46,2.33,0,0,1
Cast Iron,1150.32,die,medium,21.04,1.36,0,1,0
Cast Iron,1224.6,sand,high,16.53,2.16,0,0,0
Cast Iron,1208.24,sand,high,16.46,2.75,1,0,0
Cast Iron,1323.4,ceramic,low,47.7,2.32,1,1,1
Aluminum,724.58,die,medium,33.6,2.28,0,0,1
Aluminum,658.45,die,medium,12.02,1.45,0,0,0
Steel,1561.14,die,low,37.5,2.78,1,1,0
Steel,1551.31,die,low,37.49,1.19,1,1,0
Cast Iron,1206.34,die,high,34.99,1.01,0,1,1
Cast Iron,1153.09,sand,high,11.06,1.41,0,0,0
Cast Iron,1173.03,sand,high,23.36,2.13,0,0,0
Steel,1487.49,sand,low,9.8,2.65,1,1,0
Steel,1572.49,ceramic,low,41.75,0.83,1,1,1
Steel,1519.8,die,high,34.48,2.53,1,1,0
Steel,1587.76,ceramic,high,27.82,2.53,1,0,0
Steel,1568.37,die,medium,20.44,1.97,1,1,0
Steel,1493.07,sand,medium,13.29,2.4,1,1,0
Steel,1576.8,ceramic,high,9.79,0.95,0,0,0
Cast Iron,1173.34,sand,high,48.62,0.92,0,1,1
Cast Iron,1157.22,die,medium,13.98,2.66,1,1,0
Cast Iron,1271.71,die,high,7.69,1.75,0,0,0
Cast Iron,1218.35,die,medium,48.28,1.11,0,1,1
Steel,1499.41,sand,medium,29.7,2.22,1,1,0
Aluminum,718.72,die,medium,40.85,2.73,1,1,1
Steel,1577.52,sand,low,6.97,2.08,1,1,0
Aluminum,682.22,ceramic,low,30.51,1.37,0,1,1
Cast Iron,1215.0,die,high,22.92,1.71,1,1,0
Steel,1530.08,die,medium,39.74,2.38,1,1,0
Cast Iron,1280.64,die,low,6.73,0.67,1,1,0
Steel,1480.44,ceramic,high,23.08,1.04,0,0,0
Cast Iron,1332.54,die,high,40.96,1.66,1,1,1
Aluminum,715.44,sand,high,28.52,2.01,0,0,1
Aluminum,712.52,sand,high,29.75,1.35,0,0,1
Aluminum,740.42,die,high,9.37,1.25,0,0,0
Steel,1586.09,die,medium,10.95,0.6,1,1,0
Aluminum,663.56,ceramic,high,35.46,0.58,0,0,1
Steel,1471.76,ceramic,medium,35.38,1.2,1,1,0
Aluminum,726.19,ceramic,low,49.06,1.83,0,1,1
Aluminum,745.69,die,high,37.04,1.89,0,0,1
Steel,1549.98,ceramic,low,27.2,1.74,1,1,0
Steel,1511.7,ceramic,medium,43.58,1.52,1,1,1
Aluminum,718.35,sand,medium,9.7,1.13,0,0,1
Steel,1484.32,ceramic,low,25.22,1.5,1,1,0
Aluminum,749.8,sand,high,17.92,0.85,0,0,1
Steel,1514.66,sand,high,9.71,0.79,0,0,0
Cast Iron,1336.34,ceramic,low,39.36,1.25,1,1,1
Cast Iron,1236.16,sand,low,27.99,2.99,1,1,0
Cast Iron,1335.63,die,low,30.05,1.32,1,1,0
Cast Iron,1217.14,die,high,23.51,2.84,1,0,0
Cast Iron,1302.11,ceramic,high,25.72,1.48,0,0,0
Aluminum,745.1,die,high,10.22,1.6,0,0,0
Cast Iron,1279.2,sand,low,35.28,2.49,1,1,1
Cast Iron,1285.51,die,high,24.46,0.73,0,0,0
Cast Iron,1170.58,ceramic,medium,41.75,0.96,0,1,1
Cast Iron,1244.84,ceramic,low,13.83,2.93,1,1,0
Steel,1583.01,sand,high,14.23,1.76,1,0,0
Aluminum,674.09,ceramic,low,34.06,0.61,0,1,1
Cast Iron,1307.67,die,medium,43.07,0.62,0,1,1
Cast Iron,1285.14,ceramic,medium,26.25,2.77,1,1,0
Cast Iron,1194.6,sand,low,37.71,2.68,1,1,1
Aluminum,678.28,ceramic,low,49.97,1.65,0,1,1
Steel,1514.13,die,medium,49.56,0.91,0,1,0
Aluminum,662.51,sand,low,38.5,2.58,0,1,1
Steel,1587.01,die,medium,38.28,1.31,1,1,0
Cast Iron,1297.87,sand,medium,16.14,1.55,1,1,0
Cast Iron,1222.99,ceramic,high,42.51,2.21,1,1,1
Aluminum,679.97,sand,low,23.23,1.38,0,1,1
Aluminum,718.96,sand,low,48.29,2.07,1,1,1
Steel,1513.63,ceramic,high,8.66,2.71,1,0,0
Steel,1484.4,die,medium,24.61,2.49,1,1,0
Aluminum,693.02,ceramic,low,30.01,1.45,0,1,1
Steel,1580.69,sand,high,23.23,1.22,0,0,0
Aluminum,656.86,ceramic,high,14.48,1.21,0,0,1
Steel,1505.25,sand,low,31.68,1.37,1,1,0
Aluminum,746.23,ceramic,high,39.02,1.73,0,0,1
Aluminum,651.48,ceramic,medium,34.02,1.54,0,0,1
Aluminum,739.06,die,high,15.55,0.83,0,0,1
Steel,1506.23,sand,medium,37.92,0.91,0,1,0
Steel,1478.43,die,medium,16.56,1.36,0,1,0
Steel,1452.25,sand,low,12.88,1.91,1,1,0
Aluminum,657.05,ceramic,high,36.08,1.98,0,0,1
Steel,1475.78,sand,medium,42.93,1.72,1,1,1
Steel,1453.81,die,medium,26.67,2.35,1,1,0
Aluminum,683.58,die,high,28.91,2.34,0,0,1
Cast Iron,1158.98,die,medium,18.62,1.57,0,1,0
Aluminum,719.22,sand,high,27.26,0.81,0,0,1
Steel,1572.84,die,low,10.94,1.83,1,1,0
Aluminum,738.75,die,medium,48.01,1.45,0,1,1
Cast Iron,1259.83,die,medium,41.02,0.84,0,1,1
Aluminum,744.65,ceramic,high,35.06,2.95,0,0,1
Steel,1450.85,ceramic,high,29.22,1.42,0,1,0
Cast Iron,1176.8,sand,high,40.65,2.06,0,1,1
Steel,1493.97,sand,high,27.26,1.73,0,0,0
Cast Iron,1307.8,die,medium,18.5,0.86,1,1,0
Cast Iron,1327.08,ceramic,low,12.22,0.64,0,1,0
Aluminum,711.81,die,low,34.14,2.06,0,1,1
Aluminum,688.32,die,low,46.82,1.12,0,1,1
Steel,1549.88,ceramic,low,11.91,1.11,1,1,0
Aluminum,668.09,ceramic,high,13.1,2.89,0,0,1
Aluminum,695.79,ceramic,medium,24.51,1.65,0,0,1
Cast Iron,1251.51,sand,medium,41.31,0.57,0,1,1
Aluminum,660.49,sand,medium,18.23,1.35,0,0,1
Cast Iron,1156.77,die,high,16.43,1.96,0,0,0
Cast Iron,1300.02,sand,medium,32.9,1.32,1,1,1
Cast Iron,1256.94,ceramic,high,29.1,0.57,0,1,1
Steel,1499.84,ceramic,medium,7.71,1.61,1,1,0
Steel,1515.58,sand,low,8.67,0.76,1,1,0
Steel,1593.66,die,high,33.94,2.05,1,1,0
Cast Iron,1226.98,die,medium,25.93,2.05,0,1,0
Steel,1465.52,sand,low,48.69,0.59,1,1,1
Steel,1519.54,die,low,35.53,1.23,1,1,0
Aluminum,714.8,die,low,5.45,1.53,0,0,0
Steel,1451.82,die,high,26.65,1.88,1,1,0
Steel,1499.85,ceramic,high,23.65,1.24,1,1,0
Cast Iron,1228.7,ceramic,medium,9.8,1.22,0,0,0
Cast Iron,1242.74,sand,low,46.54,2.96,1,1,1
Cast Iron,1210.34,ceramic,medium,41.23,0.6,0,1,1
Cast Iron,1283.38,die,medium,15.35,2.97,1,0,0
Cast Iron,1338.94,ceramic,low,16.52,0.62,1,1,0
Cast Iron,1332.8,sand,medium,6.44,1.22,1,1,0
Steel,1549.66,ceramic,high,18.35,1.73,0,0,0
Cast Iron,1251.38,die,medium,31.31,0.86,0,1,0
Cast Iron,1315.16,die,low,23.94,0.84,1,1,0
Aluminum,733.59,sand,high,48.62,1.14,0,0,1
Steel,1574.44,ceramic,high,7.52,2.93,1,0,0
Steel,1473.68,ceramic,medium,31.61,1.45,1,1,1
Steel,1453.81,ceramic,medium,43.62,1.91,1,1,1
Cast Iron,1346.64,die,high,26.63,2.26,1,0,0
Cast Iron,1341.93,sand,medium,5.13,2.36,1,1,0
Cast Iron,1262.88,ceramic,low,15.93,2.22,1,1,0
Aluminum,749.31,die,medium,19.57,1.34,0,0,1
Cast Iron,1304.11,die,medium,48.47,0.78,0,1,0
Aluminum,701.74,die,high,46.03,1.2,0,0,1
Steel,1508.4,ceramic,medium,47.71,1.03,1,1,1
Cast Iron,1268.57,ceramic,medium,42.16,0.84,0,1,1
Aluminum,701.58,ceramic,medium,20.82,0.56,0,0,1
Aluminum,749.38,ceramic,low,45.76,2.84,1,1,1
Cast Iron,1248.09,ceramic,medium,49.18,2.8,1,1,1
Steel,1575.39,ceramic,low,20.75,0.63,1,1,0
Steel,1572.04,ceramic,low,16.73,0.93,1,1,0
Steel,1460.71,ceramic,low,29.61,0.85,1,1,0
Aluminum,658.7,ceramic,low,13.42,1.2,0,1,1
Aluminum,715.98,die,high,6.47,1.01,0,0,0
Aluminum,675.91,ceramic,low,47.56,2.86,1,1,1
Aluminum,715.75,sand,medium,46.66,0.71,0,1,1
Steel,1471.69,die,low,12.32,1.03,1,1,0
Cast Iron,1229.41,ceramic,medium,23.35,0.7,0,1,0
Aluminum,660.25,sand,low,42.4,2.95,1,1,1
Aluminum,678.21,ceramic,high,34.75,2.8,0,0,1
Steel,1463.24,sand,low,22.77,2.29,1,1,0
Cast Iron,1344.12,sand,low,38.49,1.56,1,1,1
Cast Iron,1229.01,sand,high,45.37,0.98,0,0,1
Steel,1585.18,sand,low,46.68,1.05,1,1,1
Steel,1595.68,die,medium,22.05,1.61,1,1,0
Cast Iron,1331.91,die,low,12.81,2.42,1,1,0
Aluminum,695.5,sand,low,46.08,1.16,0,1,1
Cast Iron,1305.78,ceramic,low,9.16,1.28,1,1,0
Steel,1473.05,sand,high,37.48,2.0,1,1,0
Aluminum,659.48,die,low,11.32,1.09,0,1,0
Aluminum,737.69,ceramic,low,22.52,1.96,1,1,1
Steel,1454.67,die,medium,23.52,1.47,1,1,0
Steel,1595.85,die,low,12.14,0.59,1,1,0
Steel,1550.82,ceramic,low,46.52,1.51,1,1,1
Cast Iron,1233.92,sand,low,5.12,2.8,1,1,0
Cast Iron,1178.28,sand,low,45.22,1.23,1,1,1
Aluminum,722.32,sand,medium,44.77,1.31,0,1,1
Steel,1534.47,sand,medium,19.26,0.66,1,1,0
Aluminum,721.11,ceramic,high,36.69,2.04,0,0,1
Aluminum,691.79,ceramic,low,16.38,2.62,1,1,1
Aluminum,656.63,ceramic,high,39.14,1.38,0,0,1
Aluminum,681.5,die,high,30.25,1.1,0,0,1
Steel,1497.25,ceramic,low,18.51,2.89,1,1,0
Aluminum,650.87,sand,medium,23.01,2.36,0,0,1
Steel,1451.44,die,medium,36.04,1.92,1,1,0
Steel,1499.61,sand,low,45.77,1.26,1,1,1
Cast Iron,1295.52,sand,low,10.88,1.05,1,1,0
Steel,1543.61,ceramic,medium,30.71,2.29,1,1,0
Cast Iron,1197.8,ceramic,low,16.42,1.8,1,1,1
Steel,1540.41,sand,low,41.06,1.8,1,1,1
Steel,1547.11,sand,low,8.16,0.68,1,1,0
Steel,1528.39,die,medium,36.0,1.78,1,1,0
Cast Iron,1254.27,ceramic,high,12.87,2.56,1,0,0
Cast Iron,1223.95,die,high,31.84,2.87,0,0,0
Aluminum,662.34,die,low,42.61,0.77,0,1,1
Cast Iron,1227.1,die,medium,38.98,2.08,1,1,0
Cast Iron,1219.07,sand,low,38.88,1.92,1,1,1
Cast Iron,1268.39,die,medium,28.3,2.73,1,1,0
Cast Iron,1321.25,die,low,45.08,2.38,1,1,0
Aluminum,687.54,sand,medium,31.46,2.91,1,1,1
Cast Iron,1291.95,ceramic,medium,46.29,2.9,1,1,1
Steel,1571.77,ceramic,high,29.59,1.06,0,1,0
Steel,1481.76,die,low,27.77,2.31,1,1,0
Cast Iron,1330.33,sand,high,15.01,1.83,1,0,0
Cast Iron,1164.09,ceramic,high,29.52,1.04,0,0,1
Steel,1585.26,die,medium,11.33,0.99,1,1,0
Steel,1474.54,die,low,44.14,0.7,1,1,0
Aluminum,683.72,sand,medium,35.42,2.49,0,0,1
Steel,1540.79,die,medium,49.71,1.31,1,1,1
Steel,1585.85,ceramic,medium,9.14,2.64,1,1,0
Cast Iron,1201.14,sand,low,15.83,2.02,1,1,0
Steel,1564.54,ceramic,low,44.47,2.18,1,1,1
Aluminum,721.04,ceramic,medium,22.79,1.23,0,0,1
Steel,1473.96,ceramic,low,25.98,1.64,1,1,0
Cast Iron,1245.89,die,medium,43.73,1.53,1,1,1
Cast Iron,1246.3,die,low,28.48,1.09,0,1,0
Steel,1495.69,ceramic,low,13.71,2.58,1,1,0
Cast Iron,1305.98,ceramic,high,45.14,2.06,1,1,1
Aluminum,742.59,sand,medium,6.4,0.59,0,0,0
Aluminum,721.66,sand,high,45.29,2.55,0,0,1
Steel,1595.94,die,high,7.27,0.77,1,1,0
Steel,1457.57,die,medium,34.96,1.51,1,1,0
Steel,1455.58,sand,medium,8.23,1.93,1,1,0
Cast Iron,1328.77,ceramic,low,36.78,0.52,0,1,1
Aluminum,739.78,die,medium,6.53,2.13,0,0,0
Aluminum,660.71,ceramic,high,42.91,2.15,0,0,1
Cast Iron,1221.49,sand,high,25.97,2.13,1,0,1
Aluminum,733.54,die,medium,9.21,0.91,0,0,0
Steel,1469.28,die,high,36.81,1.14,0,1,0
Steel,1490.11,sand,low,27.02,1.12,1,1,0
Steel,1552.15,die,high,13.59,2.9,1,1,0
Aluminum,748.19,sand,low,5.71,0.67,0,1,1
Steel,1569.57,die,high,23.81,1.57,1,1,0
Cast Iron,1305.46,sand,low,8.85,2.68,1,1,0
Cast Iron,1218.53,die,low,9.24,2.42,1,1,0
Aluminum,716.13,ceramic,medium,17.03,2.56,0,0,1
Cast Iron,1172.62,ceramic,low,33.37,2.93,1,1,1
Cast Iron,1348.45,ceramic,medium,28.85,1.47,1,1,0
Aluminum,698.06,die,high,8.1,1.27,0,0,1
Steel,1545.82,die,high,48.58,0.58,0,1,0
Steel,1581.43,ceramic,high,44.92,0.88,1,1,1
Steel,1450.14,ceramic,low,16.67,1.91,1,1,0
Aluminum,747.6,sand,high,10.51,0.89,0,0,1
Cast Iron,1221.83,sand,high,47.41,2.34,1,1,1
Steel,1500.94,sand,medium,25.75,0.59,0,1,0
Steel,1471.76,ceramic,medium,19.0,1.15,1,1,0
Aluminum,735.82,ceramic,high,27.07,2.24,0,0,1
Steel,1580.63,ceramic,high,39.77,1.14,1,1,1
Aluminum,652.0,sand,low,12.58,2.32,1,1,1
Cast Iron,1161.15,die,low,39.54,2.99,1,1,1
Aluminum,741.83,ceramic,high,38.73,2.49,0,0,1
Aluminum,662.29,die,medium,29.27,1.35,0,0,1
Aluminum,712.09,die,high,43.96,2.75,0,0,1
Aluminum,711.97,die,low,10.95,0.63,0,1,1
Cast Iron,1323.95,sand,medium,31.8,2.31,1,1,1
Cast Iron,1264.53,die,medium,25.22,0.56,0,1,0
Steel,1515.1,ceramic,low,24.0,0.94,1,1,0
Cast Iron,1344.88,sand,high,16.37,2.97,1,0,0
Cast Iron,1195.76,ceramic,high,21.75,1.4,0,0,0
Steel,1489.41,ceramic,high,9.87,2.55,1,0,0
Cast Iron,1166.95,sand,low,16.32,1.44,1,1,1
Aluminum,747.53,ceramic,medium,17.24,2.6,0,0,1
Aluminum,720.64,ceramic,low,37.43,2.91,1,1,1
Steel,1451.81,sand,high,7.18,1.59,0,0,0
Steel,1555.65,ceramic,low,34.3,1.9,1,1,1
Steel,1510.62,die,medium,14.96,2.07,1,1,0
Aluminum,746.75,ceramic,low,8.68,2.84,1,1,1
Cast Iron,1205.48,die,high,18.54,1.14,0,0,0
Aluminum,721.03,ceramic,medium,15.1,2.03,0,0,1
Steel,1544.12,sand,low,29.84,1.31,1,1,0
Cast Iron,1152.41,sand,low,21.08,1.04,0,1,0
Cast Iron,1327.04,ceramic,medium,48.47,0.71,0,1,1
Aluminum,663.96,sand,medium,48.36,2.05,0,1,1
Steel,1549.54,ceramic,high,24.97,2.71,1,0,0
Aluminum,727.55,sand,medium,40.78,1.38,0,1,1
Cast Iron,1276.19,die,high,5.6,1.88,0,0,0
Aluminum,659.71,ceramic,low,29.65,2.11,0,1,1
Aluminum,747.52,die,high,38.45,1.54,0,0,1
Steel,1485.52,die,low,14.76,2.76,1,1,0
Steel,1544.18,ceramic,medium,7.75,1.41,1,1,0
Cast Iron,1309.44,die,low,12.02,0.81,1,1,0
Aluminum,743.92,ceramic,medium,24.88,0.86,0,1,1
Aluminum,710.4,die,low,27.79,2.73,1,1,1
Aluminum,675.91,ceramic,low,22.14,2.97,1,1,1
Cast Iron,1317.33,ceramic,low,24.8,1.22,1,1,0
Cast Iron,1182.64,sand,low,26.16,0.86,1,1,1
Steel,1453.34,ceramic,high,39.62,1.71,0,1,1
Steel,1586.22,ceramic,low,9.74,2.27,1,1,0
Steel,1536.31,die,high,39.6,2.03,1,1,0
Aluminum,656.96,ceramic,medium,35.99,2.88,1,1,1
Aluminum,707.97,sand,medium,38.37,2.54,1,1,1
Steel,1471.75,die,high,38.05,2.67,1,1,1
Aluminum,653.14,die,medium,26.18,1.85,0,1,1
Steel,1467.48,sand,medium,14.51,1.32,1,1,0
Cast Iron,1305.02,die,low,29.15,2.25,1,1,0
Steel,1563.35,die,low,48.11,1.6,1,1,1
Cast Iron,1270.86,die,low,31.48,1.22,0,1,0
Aluminum,670.93,die,high,5.5,0.88,0,0,0
Steel,1560.85,sand,high,7.69,1.82,1,0,0
Aluminum,690.8,sand,medium,49.68,1.99,0,1,1
Cast Iron,1252.15,die,low,8.24,1.92,1,1,0
Cast Iron,1329.53,die,high,7.07,0.79,0,0,0
Cast Iron,1241.57,sand,high,20.89,1.92,0,0,1
Aluminum,712.64,sand,low,48.62,0.92,0,1,1
Aluminum,746.18,sand,high,19.34,2.16,0,0,1
Aluminum,695.14,die,low,23.44,1.57,0,1,1
Aluminum,706.07,die,medium,33.53,2.62,0,0,1
Cast Iron,1266.88,ceramic,medium,6.09,2.45,1,0,0
Cast Iron,1198.14,sand,medium,45.4,2.31,1,1,1
Steel,1560.54,die,low,28.37,2.25,1,1,0
Steel,1559.0,sand,high,26.01,1.9,1,0,0
Aluminum,671.36,die,medium,43.73,0.65,0,1,1
Cast Iron,1152.67,sand,medium,47.89,2.14,0,1,1
Cast Iron,1349.79,die,medium,24.05,1.67,1,1,0
Cast Iron,1266.32,ceramic,high,12.76,1.67,1,0,0
Steel,1477.15,ceramic,high,41.71,1.45,0,1,1
Steel,1492.53,sand,low,23.15,2.82,1,1,0
Cast Iron,1273.56,die,medium,47.1,1.12,0,1,0
Cast Iron,1177.52,die,high,47.75,1.29,0,1,1
Cast Iron,1157.46,sand,low,10.17,2.91,1,1,0
Steel,1569.77,die,medium,48.04,2.53,1,1,1
Cast Iron,1293.17,sand,high,21.57,0.54,0,0,0
Cast Iron,1211.92,die,high,34.08,2.77,1,1,1
Aluminum,655.85,sand,low,6.56,1.07,0,0,1
Aluminum,698.63,die,medium,45.0,2.26,0,1,1
Steel,1491.43,sand,medium,33.87,1.88,1,1,0
Cast Iron,1229.56,die,high,33.96,1.84,0,0,0
Cast Iron,1204.79,ceramic,medium,45.6,2.29,1,1,1
Aluminum,667.53,die,low,27.88,1.02,0,1,1
Steel,1508.05,sand,high,23.47,0.9,1,1,1
Aluminum,746.49,ceramic,high,43.98,2.13,0,0,1
Aluminum,676.62,die,low,38.41,1.23,0,1,1
Aluminum,683.6,ceramic,high,47.7,2.93,0,0,1
Aluminum,682.92,die,medium,47.31,1.63,0,1,1
Cast Iron,1246.06,ceramic,medium,22.2,0.78,0,1,0
Cast Iron,1318.7,sand,high,25.11,2.21,1,0,0
Aluminum,690.21,die,low,16.52,1.27,0,1,1
Steel,1570.92,die,low,34.73,0.87,1,1,0
Steel,1467.25,sand,medium,21.4,1.56,1,1,0
Steel,1584.24,ceramic,low,40.37,2.91,1,1,0
Steel,1477.8,sand,high,10.47,1.53,1,0,0
Aluminum,653.92,sand,high,10.24,1.37,0,0,1
Cast Iron,1181.67,ceramic,medium,14.2,1.61,0,1,0
Steel,1478.61,sand,medium,8.79,0.53,0,1,0
Aluminum,700.85,die,medium,32.9,0.83,0,0,1
Steel,1517.49,die,low,11.63,2.62,1,1,0
Steel,1557.38,die,high,12.2,2.95,1,0,0
Aluminum,655.1,sand,high,5.64,0.89,0,0,1
Cast Iron,1249.54,die,high,40.19,1.84,0,0,0
Cast Iron,1216.49,die,medium,41.55,2.92,1,1,0
Aluminum,713.07,die,high,12.29,0.89,0,0,0
Cast Iron,1158.74,die,low,38.28,0.97,0,1,1
Aluminum,653.49,die,low,24.51,2.82,1,1,1
Aluminum,692.73,die,high,15.78,2.26,0,0,0
Aluminum,731.13,sand,medium,32.96,0.88,0,0,1
Cast Iron,1284.22,die,high,13.03,1.48,0,0,0
Aluminum,651.67,die,low,39.06,0.64,0,1,1
Steel,1476.77,ceramic,low,7.14,1.58,1,1,0
Cast Iron,1195.35,sand,low,48.16,2.44,1,1,1
Cast Iron,1234.61,sand,high,8.23,1.88,1,0,0
Cast Iron,1267.34,sand,low,31.08,2.12,1,1,1
Cast Iron,1193.29,sand,medium,45.6,1.32,0,1,1
Steel,1507.38,die,high,5.54,0.9,0,0,0
Cast Iron,1266.79,die,high,27.43,0.53,0,0,0
Cast Iron,1226.69,ceramic,low,20.75,2.55,1,1,0
Aluminum,664.32,ceramic,low,31.11,2.09,0,1,1
Cast Iron,1248.33,sand,medium,15.15,1.07,0,1,0
Steel,1498.6,ceramic,high,7.92,1.55,1,0,0
Steel,1579.63,ceramic,low,33.17,2.5,1,1,1
Steel,1566.34,sand,medium,23.76,1.85,1,1,0
Steel,1478.54,sand,low,33.01,1.25,1,1,0
Cast Iron,1180.53,ceramic,high,14.47,1.17,0,0,1
Cast Iron,1219.54,die,low,20.24,1.04,1,1,0
Steel,1511.83,ceramic,high,30.28,2.56,1,1,0
Steel,1589.8,ceramic,low,31.69,1.95,1,1,0
Cast Iron,1210.32,die,high,21.75,2.27,0,0,0
Steel,1580.14,die,medium,17.6,2.65,1,1,0
Aluminum,700.53,sand,high,17.32,2.97,0,0,1
Steel,1582.84,sand,medium,12.86,1.12,1,1,0
Steel,1555.29,ceramic,high,19.64,0.95,0,1,0
Aluminum,720.84,die,medium,13.97,1.65,0,0,1
Aluminum,701.88,sand,low,33.52,0.59,0,1,1
Cast Iron,1318.06,ceramic,high,30.61,2.48,1,1,1
Cast Iron,1200.88,die,low,22.22,2.71,1,1,0
Aluminum,740.74,ceramic,medium,19.66,2.22,1,1,1
Aluminum,713.68,sand,high,15.69,1.17,0,0,1
Cast Iron,1237.74,sand,high,29.1,0.81,0,1,1
Steel,1597.33,die,low,46.35,1.46,1,1,0
Aluminum,736.2,ceramic,high,35.86,2.58,0,0,1
Cast Iron,1304.4,die,high,38.5,1.37,0,0,0
Steel,1491.09,sand,low,42.55,0.59,1,1,1
Aluminum,747.37,sand,high,20.82,1.19,0,0,1
Steel,1561.45,ceramic,low,7.83,2.97,1,1,0
Cast Iron,1271.04,ceramic,low,33.02,2.19,1,1,1
Aluminum,742.18,ceramic,low,13.49,2.75,1,1,1
Steel,1474.33,die,low,30.61,2.44,1,1,0
Aluminum,663.9,ceramic,low,38.28,1.85,0,1,1
Steel,1534.56,ceramic,medium,40.26,0.87,0,1,0
Cast Iron,1161.34,sand,medium,18.58,1.37,0,0,0
Cast Iron,1282.8,sand,low,28.06,1.96,1,1,1
Aluminum,674.07,ceramic,medium,32.94,2.68,1,1,1
Steel,1467.85,ceramic,medium,41.88,1.17,1,1,1
Aluminum,690.95,sand,high,39.26,0.8,0,0,1
Aluminum,696.59,ceramic,low,49.46,1.9,1,1,1
Steel,1475.57,die,medium,5.36,0.94,0,1,0
Steel,1456.23,die,high,24.69,2.03,1,1,0
Steel,1512.11,die,high,16.52,1.16,1,1,0
Cast Iron,1301.91,ceramic,low,10.4,1.08,1,1,0
Aluminum,737.42,sand,low,46.02,1.5,1,1,1
Aluminum,659.75,ceramic,high,49.91,1.98,0,0,1
Cast Iron,1254.94,ceramic,low,13.13,1.86,1,1,0
Steel,1489.51,sand,low,6.73,1.11,1,1,0
Cast Iron,1224.93,sand,high,17.38,2.73,0,0,0
Cast Iron,1336.69,sand,high,42.57,0.77,0,1,1
Cast Iron,1220.41,die,low,18.23,0.6,1,1,0
Aluminum,686.53,ceramic,medium,7.56,2.01,0,0,1
Cast Iron,1191.88,sand,low,7.36,0.81,0,1,0
Aluminum,746.0,ceramic,medium,24.23,1.76,0,1,1
Aluminum,695.65,die,high,46.93,2.88,0,0,1
Aluminum,707.04,die,medium,17.87,2.25,0,0,1
Steel,1517.98,sand,high,24.22,2.04,1,1,0
Aluminum,675.29,sand,low,9.59,1.94,1,1,1
Aluminum,731.04,ceramic,low,27.21,0.95,0,1,1
Steel,1454.27,sand,high,36.34,1.58,0,1,0
Aluminum,719.02,ceramic,high,17.2,1.36,0,0,1
Cast Iron,1268.85,sand,high,18.35,2.88,1,0,0
Cast Iron,1178.86,ceramic,low,42.89,1.11,1,1,1
Aluminum,666.59,ceramic,low,5.47,1.68,0,1,1
Steel,1548.88,ceramic,medium,33.64,2.85,1,1,1
Cast Iron,1212.43,ceramic,high,22.72,2.47,0,0,0
Steel,1489.86,die,medium,18.43,2.91,1,1,0
Steel,1458.87,ceramic,low,34.59,2.02,1,1,0
Cast Iron,1303.3,sand,medium,42.56,1.33,1,1,1
Steel,1582.4,die,medium,30.13,2.57,1,1,0
Cast Iron,1313.97,die,low,6.4,1.23,1,1,0
Steel,1519.91,ceramic,low,25.76,0.91,1,1,0
Cast Iron,1256.79,die,high,25.82,2.27,0,0,0
Aluminum,674.23,ceramic,medium,29.47,2.1,0,0,1
Cast Iron,1184.57,sand,low,35.19,2.7,1,1,0
Cast Iron,1314.6,ceramic,low,5.87,2.9,1,1,0
Cast Iron,1309.67,die,medium,27.59,2.64,1,1,0
Cast Iron,1305.47,sand,low,31.47,0.65,1,1,1
Steel,1519.5,ceramic,high,20.45,2.16,0,0,0
Aluminum,736.45,sand,high,35.08,2.46,0,0,1
Cast Iron,1335.25,sand,medium,15.27,2.95,1,1,0
Steel,1499.25,die,high,19.28,1.44,1,1,0
Aluminum,672.47,sand,low,48.32,0.92,0,1,1
Aluminum,696.43,die,low,20.66,2.63,1,1,1
Aluminum,667.93,sand,low,20.59,1.29,0,1,1
Aluminum,738.4,ceramic,low,31.81,2.0,1,1,1
Cast Iron,1217.6,sand,medium,48.69,1.47,1,1,1
Cast Iron,1265.23,ceramic,high,49.24,1.51,0,0,1
Steel,1539.21,ceramic,high,31.08,2.33,1,0,0
Steel,1527.25,sand,low,5.05,1.4,1,1,0
Steel,1473.48,ceramic,medium,45.53,2.23,1,1,1
Aluminum,749.1,sand,low,30.66,0.54,0,1,1
Aluminum,667.26,sand,low,21.47,1.31,0,1,1
Cast Iron,1300.3,ceramic,medium,42.31,1.3,0,1,1
Aluminum,729.14,ceramic,medium,22.99,2.37,0,0,1
Aluminum,664.52,die,low,6.53,1.29,0,1,1
Aluminum,743.32,ceramic,high,41.95,2.08,0,0,1
Steel,1523.16,die,low,29.56,2.22,1,1,0
Steel,1544.33,ceramic,high,20.22,2.15,1,0,0
Cast Iron,1278.44,sand,high,16.29,2.01,0,0,0
Aluminum,700.5,ceramic,medium,31.72,1.53,0,1,1
Aluminum,664.2,sand,medium,14.36,1.43,0,0,1
Cast Iron,1300.35,sand,low,19.57,1.91,1,1,0
Aluminum,708.18,sand,high,33.64,0.66,0,0,1
Aluminum,661.87,die,high,44.67,2.69,0,0,1
Steel,1555.05,ceramic,low,28.98,2.56,1,1,0
Cast Iron,1290.55,sand,low,39.16,1.37,1,1,1
Cast Iron,1259.7,sand,low,39.34,1.92,1,1,1
Cast Iron,1168.11,die,medium,34.9,2.83,1,1,1
Cast Iron,1220.53,ceramic,low,16.06,1.18,1,1,0
Steel,1457.64,ceramic,low,44.01,2.36,1,1,0
Steel,1521.64,die,high,24.63,0.71,0,1,0
Aluminum,740.64,die,low,6.99,1.81,0,1,0
Aluminum,650.23,ceramic,high,16.01,2.71,0,0,1
Aluminum,676.66,die,high,39.45,1.88,0,0,1
Aluminum,729.99,ceramic,medium,8.11,2.04,0,0,1
Steel,1451.48,ceramic,low,11.63,2.77,1,1,0
Cast Iron,1152.03,sand,low,36.24,2.29,1,1,1
Steel,1541.62,sand,high,45.17,2.24,1,1,1
Aluminum,728.92,ceramic,medium,33.52,1.97,0,0,1
Steel,1566.48,ceramic,medium,15.0,2.08,1,1,0
Cast Iron,1305.92,ceramic,low,7.4,2.51,1,1,0
Cast Iron,1222.2,ceramic,high,32.68,2.95,1,0,1
Steel,1582.41,ceramic,low,7.13,2.49,1,1,0
Steel,1451.93,ceramic,low,32.57,2.27,1,1,1
Steel,1496.83,die,low,15.15,0.84,1,1,0
Aluminum,683.72,ceramic,low,45.71,2.54,1,1,1
Steel,1474.84,die,high,26.38,2.34,1,1,0
Steel,1500.43,die,medium,15.08,2.43,1,1,0
Steel,1537.88,ceramic,low,43.39,1.08,1,1,1
Cast Iron,1254.06,ceramic,low,16.43,2.76,1,1,0
Cast Iron,1213.89,die,low,18.8,0.74,1,1,0
Aluminum,724.93,die,low,42.54,1.13,0,1,1
Aluminum,721.48,ceramic,medium,18.9,2.16,0,0,1
Cast Iron,1206.14,ceramic,medium,23.46,2.18,1,1,1
Cast Iron,1214.65,die,medium,20.64,1.28,0,1,0
Cast Iron,1207.5,die,medium,10.24,2.25,1,1,0
Steel,1469.33,die,low,6.75,1.47,1,1,0
Steel,1562.92,sand,high,37.6,0.5,0,0,0
Cast Iron,1159.26,die,medium,34.03,0.91,0,1,1
Steel,1472.59,sand,medium,17.71,2.71,1,1,0
Steel,1465.8,ceramic,low,18.3,1.06,1,1,0
Aluminum,732.53,ceramic,low,47.53,0.78,0,1,1
Cast Iron,1158.8,die,low,49.45,2.21,1,1,1
Cast Iron,1282.93,ceramic,low,26.3,1.6,1,1,1
Steel,1456.67,ceramic,high,41.11,2.49,1,1,1
Cast Iron,1307.29,ceramic,high,38.15,2.65,1,0,1
Aluminum,741.27,ceramic,medium,18.38,2.61,0,0,1
Aluminum,698.68,sand,high,7.64,1.28,0,0,1
Aluminum,730.45,sand,medium,11.42,1.76,0,0,1
Cast Iron,1291.28,die,medium,42.72,2.13,1,1,1
Cast Iron,1309.13,die,high,37.9,1.3,0,0,0
Cast Iron,1303.36,die,medium,34.9,0.6,0,1,0
Cast Iron,1191.07,ceramic,low,10.88,1.74,1,1,0
Cast Iron,1249.91,ceramic,medium,33.8,0.53,0,1,1
Aluminum,746.04,sand,low,39.75,2.88,1,1,1
Steel,1501.53,sand,high,43.73,2.49,1,1,1
Aluminum,747.05,die,high,5.6,0.98,0,0,0
Cast Iron,1266.63,sand,medium,35.8,1.22,0,1,0
Aluminum,696.16,sand,low,5.86,2.96,1,1,1
Cast Iron,1281.55,sand,medium,36.81,1.43,0,1,1
Cast Iron,1313.17,sand,high,33.6,2.46,1,1,1
Aluminum,689.42,sand,medium,11.68,1.62,0,0,1
Cast Iron,1156.59,die,medium,39.48,2.66,1,1,1
Steel,1556.32,die,low,8.08,2.26,1,1,0
Cast Iron,1341.23,sand,high,42.19,0.56,0,1,1
Steel,1543.75,die,medium,16.79,1.24,1,1,0
Steel,1478.26,ceramic,low,36.0,1.89,1,1,0
Cast Iron,1199.65,sand,medium,46.57,2.82,1,1,1
Aluminum,740.98,ceramic,low,20.29,0.76,0,1,1
Steel,1452.03,die,low,27.63,2.0,1,1,0
Aluminum,704.87,die,medium,25.84,1.26,0,1,1
Steel,1473.8,ceramic,high,12.09,2.72,1,0,0
Cast Iron,1206.55,die,high,31.56,2.41,1,0,0
Cast Iron,1211.4,sand,low,38.44,1.42,1,1,1
Steel,1482.89,ceramic,high,46.26,0.92,0,1,1
Cast Iron,1308.47,sand,low,43.29,0.53,1,1,1
Steel,1499.83,ceramic,high,27.95,2.05,1,1,0
Cast Iron,1219.1,die,medium,37.36,1.52,1,1,1
Aluminum,695.3,ceramic,high,41.04,1.29,0,0,1
Cast Iron,1330.46,ceramic,low,27.21,2.96,1,1,1
Aluminum,718.82,sand,low,10.19,1.67,1,1,1
Cast Iron,1162.35,die,high,24.71,2.37,0,0,0
Aluminum,653.93,sand,medium,42.91,0.94,0,0,1
Cast Iron,1263.28,die,low,31.85,0.53,1,1,0
Aluminum,738.71,sand,low,37.6,1.54,0,1,1
Steel,1498.49,ceramic,low,13.34,2.16,1,1,0
Steel,1487.17,sand,low,48.4,1.77,1,1,1
Aluminum,724.82,die,low,23.18,2.73,1,1,1
Cast Iron,1270.42,die,medium,34.41,1.58,1,1,0
Aluminum,706.5,ceramic,high,5.85,1.28,0,0,0
Cast Iron,1179.86,die,medium,10.73,2.79,1,1,0
Steel,1476.39,sand,medium,40.19,1.52,1,1,0
Cast Iron,1206.36,ceramic,low,48.56,1.17,1,1,1
Steel,1481.03,die,medium,19.4,0.74,1,1,0
Cast Iron,1344.29,die,low,6.67,2.48,1,1,0
Cast Iron,1153.72,sand,medium,21.24,2.56,1,1,1
Cast Iron,1275.21,sand,low,5.79,0.58,0,1,0
Aluminum,701.76,ceramic,low,13.66,1.4,0,1,1
Aluminum,682.33,die,medium,38.86,2.37,0,0,1
Steel,1583.14,sand,medium,47.17,2.87,1,1,1
Steel,1550.52,ceramic,high,8.94,1.44,1,0,0
Aluminum,749.84,die,high,30.11,2.68,0,0,1
Steel,1475.3,die,high,16.42,1.48,0,0,0
Aluminum,658.79,ceramic,medium,11.26,0.95,0,0,1
Cast Iron,1177.88,ceramic,medium,14.85,0.51,0,1,1
Steel,1490.39,sand,low,31.0,1.33,1,1,1
Steel,1512.52,die,high,7.93,1.45,0,0,0
Aluminum,736.26,die,low,24.54,2.86,1,1,1
Steel,1492.54,die,low,11.09,1.02,1,1,0
Steel,1587.29,ceramic,low,17.27,1.46,1,1,0
Cast Iron,1242.58,sand,low,13.58,0.56,1,1,0
Steel,1547.06,die,high,44.73,2.41,1,1,1
Cast Iron,1202.88,ceramic,low,36.86,2.79,1,1,1
Aluminum,665.6,die,medium,44.08,1.09,0,1,1
Steel,1580.42,sand,medium,22.26,1.57,1,1,0
Cast Iron,1171.9,die,medium,19.1,0.81,0,1,0
Aluminum,727.4,sand,high,22.13,1.64,0,0,1
Steel,1537.15,sand,low,5.83,0.83,1,1,0
Aluminum,736.11,die,high,37.61,1.81,0,0,1
Steel,1557.67,die,low,20.74,2.34,1,1,0
Aluminum,678.17,sand,high,19.1,1.88,0,0,1
Aluminum,707.44,ceramic,high,31.92,1.11,0,0,1
Cast Iron,1152.61,sand,low,24.63,1.38,1,1,1
Aluminum,697.52,die,high,49.14,2.1,0,0,1
Steel,1462.9,die,low,21.03,1.97,1,1,0
Steel,1514.34,ceramic,medium,32.63,0.84,1,1,0
Cast Iron,1171.92,sand,medium,19.02,2.61,1,1,0
Steel,1593.32,sand,medium,49.58,1.69,1,1,1
Steel,1528.46,sand,high,25.03,0.91,0,1,0
Steel,1586.98,die,medium,33.54,0.81,1,1,0
Aluminum,652.24,sand,low,10.7,2.91,1,1,1
Aluminum,713.77,ceramic,medium,37.99,1.2,0,1,1
Steel,1496.04,die,medium,17.11,2.77,1,1,0
Cast Iron,1236.37,die,high,25.19,1.53,0,0,0
Aluminum,737.31,sand,low,44.74,1.46,0,1,1
Cast Iron,1346.0,ceramic,high,48.67,2.25,1,1,1
Steel,1486.97,die,high,24.11,0.52,0,0,0
Steel,1592.24,die,low,42.57,1.35,1,1,0
Aluminum,718.87,sand,high,7.4,1.26,0,0,1
Steel,1592.71,sand,low,43.14,2.67,1,1,1
Aluminum,706.24,ceramic,medium,33.33,1.82,0,0,1
Steel,1594.11,sand,low,26.99,1.41,1,1,0
Steel,1583.87,ceramic,low,45.05,1.17,1,1,1
Aluminum,662.86,die,low,43.04,1.98,0,1,1
Aluminum,681.08,ceramic,high,18.36,0.88,0,0,1
Aluminum,674.31,ceramic,low,40.62,1.12,0,1,1
Steel,1535.81,ceramic,low,9.48,1.23,1,1,0
Steel,1570.42,die,low,42.02,2.02,1,1,0
Cast Iron,1301.88,sand,medium,35.4,1.43,1,1,1
Aluminum,722.67,die,low,8.95,1.76,0,0,0
Steel,1506.29,sand,high,35.74,2.13,1,1,0
Steel,1470.95,ceramic,low,31.12,2.89,1,1,0
Aluminum,671.06,ceramic,low,31.75,2.41,1,1,1
Cast Iron,1298.34,ceramic,medium,18.09,1.51,1,1,0
Aluminum,664.75,ceramic,low,16.99,2.37,1,1,1
Cast Iron,1194.59,ceramic,high,39.31,2.87,0,0,1
Steel,1513.68,sand,low,16.56,1.75,1,1,0
Cast Iron,1164.42,sand,high,25.08,1.53,0,0,1
Steel,1481.9,ceramic,medium,36.27,0.7,0,1,0
Aluminum,664.98,die,low,8.58,2.73,1,1,1
Aluminum,745.13,die,medium,31.75,1.12,0,1,1
Aluminum,669.15,ceramic,low,31.52,0.66,0,1,1
Cast Iron,1322.35,sand,high,35.79,1.84,1,1,1
Steel,1467.22,die,medium,21.65,2.61,1,1,0
Aluminum,736.97,die,low,25.2,1.52,0,1,1
Aluminum,709.94,die,high,19.85,2.46,0,0,1
Steel,1577.46,ceramic,medium,41.37,2.59,1,1,0
Aluminum,736.73,die,low,10.88,1.64,0,1,0
Steel,1539.46,die,medium,48.33,1.98,1,1,0
Steel,1587.65,die,low,33.57,1.83,1,1,0
Steel,1537.82,die,high,44.91,2.85,1,1,0
Steel,1556.88,sand,high,24.18,2.31,1,1,0
Steel,1512.41,ceramic,medium,19.95,2.81,1,1,0
Cast Iron,1332.81,ceramic,medium,45.53,1.05,0,1,1
Aluminum,732.42,sand,low,9.45,1.28,0,1,1
Cast Iron,1183.34,sand,high,10.27,0.68,0,0,0
Aluminum,707.64,ceramic,low,18.47,1.75,1,1,1
Cast Iron,1329.37,die,high,48.19,2.68,0,0,0
Steel,1568.96,die,medium,33.49,1.32,1,1,0
Aluminum,746.26,ceramic,low,29.94,0.82,0,1,1
Aluminum,673.13,die,low,36.74,0.67,0,1,1
Cast Iron,1223.49,sand,high,23.79,1.62,0,0,1
Cast Iron,1251.44,die,high,39.11,0.91,0,1,1
Aluminum,673.27,die,high,22.7,1.37,0,0,1
Cast Iron,1228.81,die,medium,42.19,2.55,1,1,1
Cast Iron,1257.51,ceramic,low,17.03,1.46,1,1,0
Cast Iron,1188.27,sand,high,17.49,2.02,0,0,0
Steel,1488.5,die,medium,28.51,1.76,1,1,0
Steel,1468.73,ceramic,high,24.38,2.3,1,1,0
Cast Iron,1292.68,die,low,34.17,0.89,1,1,0
Cast Iron,1222.31,sand,high,21.39,2.8,1,0,0
Steel,1483.04,die,low,15.37,2.11,1,1,0
Steel,1526.1,sand,medium,26.14,1.18,1,1,0
Aluminum,656.82,die,medium,30.24,0.81,0,0,1
Aluminum,742.34,sand,high,11.42,0.87,0,0,1
Steel,1494.17,die,low,30.05,2.46,1,1,0
Cast Iron,1327.29,sand,low,19.37,1.97,1,1,1
Cast Iron,1249.52,die,low,22.66,1.45,1,1,0
Cast Iron,1320.03,die,high,17.57,1.33,0,0,0
Cast Iron,1199.41,ceramic,low,46.91,2.64,1,1,1
Aluminum,667.53,ceramic,low,35.75,2.69,1,1,1
Steel,1577.41,sand,low,16.81,1.95,1,1,0
Cast Iron,1192.58,die,low,34.03,1.81,1,1,1
Aluminum,724.62,sand,high,43.19,2.54,0,0,1
Cast Iron,1218.92,ceramic,high,23.07,2.37,1,0,1
Steel,1562.23,sand,low,42.35,1.5,1,1,0
Aluminum,740.76,sand,low,11.95,0.71,0,1,1
Steel,1597.25,ceramic,medium,42.03,2.42,1,1,1
Steel,1503.97,die,medium,29.31,0.92,1,1,0
Aluminum,686.75,sand,low,15.03,0.54,0,1,1
Aluminum,748.14,ceramic,low,23.32,2.61,1,1,1
Aluminum,736.15,die,medium,49.46,1.95,0,1,1
Aluminum,654.51,ceramic,medium,40.26,2.73,0,0,1
Aluminum,707.34,sand,low,30.88,1.71,0,1,1
Aluminum,668.12,die,high,10.18,2.82,0,0,0
Aluminum,749.4,die,high,23.8,1.38,0,0,1
Cast Iron,1177.78,ceramic,low,16.84,2.31,1,1,0
Steel,1533.9,ceramic,low,8.2,1.25,1,1,0
Aluminum,716.52,ceramic,medium,29.4,0.5,0,0,1
Cast Iron,1337.41,die,medium,45.01,1.45,0,1,0
Cast Iron,1319.45,die,high,35.4,2.34,1,1,0
Cast Iron,1199.15,sand,low,16.24,0.88,1,1,0
Steel,1535.89,die,medium,30.81,1.76,1,1,0
Aluminum,745.36,sand,high,47.45,1.03,0,0,1
Cast Iron,1297.14,ceramic,high,37.53,0.69,0,1,1
Steel,1553.25,ceramic,high,36.03,2.04,1,1,0
Steel,1563.24,die,medium,48.57,2.88,1,1,0
Steel,1498.38,ceramic,medium,40.95,1.28,1,1,0
Cast Iron,1295.85,ceramic,low,11.15,1.95,1,1,0
Aluminum,673.29,die,low,20.64,2.88,1,1,1
Cast Iron,1235.62,sand,high,48.43,2.13,1,1,1
Cast Iron,1327.99,die,high,27.04,2.18,1,0,0
Aluminum,651.9,sand,medium,10.02,0.95,0,0,1
Aluminum,691.43,die,medium,25.64,1.73,0,0,1
Aluminum,676.68,die,low,36.36,1.42,0,1,1
Steel,1479.79,ceramic,low,49.89,1.68,1,1,1
Aluminum,733.86,die,low,19.58,2.5,1,1,1
Cast Iron,1289.3,die,medium,28.13,1.65,0,1,0
Aluminum,661.26,sand,high,44.59,0.66,0,0,1
Cast Iron,1248.89,ceramic,low,20.99,2.76,1,1,1
Steel,1520.04,sand,low,9.92,1.86,1,1,0
Cast Iron,1178.51,sand,medium,47.7,2.81,1,1,1
Cast Iron,1309.95,ceramic,low,26.98,1.93,1,1,0
Aluminum,686.67,ceramic,high,27.63,0.67,0,0,1
Aluminum,726.19,ceramic,medium,32.95,1.88,0,0,1
Cast Iron,1188.41,die,low,5.16,1.94,1,1,0
Aluminum,681.51,ceramic,low,46.9,1.04,0,1,1
Steel,1464.28,ceramic,medium,21.27,1.68,1,1,0
Steel,1471.52,ceramic,medium,22.86,1.65,1,1,0
Aluminum,738.32,sand,low,12.83,2.06,1,1,1
Steel,1466.37,sand,high,22.02,1.15,0,0,0
Aluminum,659.57,die,medium,41.18,1.95,0,1,1
Cast Iron,1338.08,sand,high,41.0,1.1,0,1,1
Cast Iron,1279.18,die,low,47.11,1.62,1,1,1
Steel,1465.14,sand,high,23.15,0.81,0,1,0
Aluminum,747.17,ceramic,low,36.89,0.59,0,1,1
Aluminum,664.71,sand,low,27.83,1.3,0,1,1
Steel,1564.95,die,low,41.18,1.19,1,1,0
Cast Iron,1156.97,sand,low,37.06,1.52,1,1,1
Steel,1543.68,ceramic,high,21.56,2.9,1,0,0
Cast Iron,1259.34,die,low,20.15,1.81,1,1,0
Aluminum,670.8,ceramic,low,16.36,1.88,0,1,1
Cast Iron,1278.63,ceramic,high,30.94,2.85,1,0,0
Steel,1542.56,die,medium,48.37,2.8,1,1,1
Aluminum,729.84,ceramic,high,14.0,2.71,0,0,1
Steel,1581.38,ceramic,high,9.29,0.74,1,1,0
Steel,1526.52,sand,high,10.37,2.09,1,0,0
Cast Iron,1248.06,ceramic,low,40.24,2.52,1,1,1
Steel,1543.24,ceramic,low,20.75,2.59,1,1,0
Cast Iron,1295.84,ceramic,low,15.1,1.94,1,1,0
Aluminum,685.62,ceramic,medium,20.88,0.54,0,0,1
Cast Iron,1250.93,die,low,34.04,2.93,1,1,0
Aluminum,708.51,sand,medium,29.61,1.68,0,1,1
Cast Iron,1347.68,ceramic,low,38.46,1.48,1,1,1
Steel,1538.16,ceramic,high,20.26,1.49,1,0,0
Cast Iron,1194.84,die,low,25.34,1.56,1,1,0
Cast Iron,1267.6,ceramic,medium,9.59,1.11,1,1,0
Aluminum,731.95,die,medium,8.29,1.32,0,0,0
Steel,1578.61,sand,low,25.8,2.96,1,1,0
Cast Iron,1310.05,sand,high,18.57,1.42,0,0,0
Steel,1583.23,ceramic,low,32.58,1.82,1,1,0
Cast Iron,1216.95,ceramic,low,6.94,2.62,1,1,0
Cast Iron,1251.51,ceramic,low,10.48,1.82,1,1,0
Steel,1566.94,die,high,43.93,1.31,1,1,1
Cast Iron,1202.89,ceramic,medium,30.48,1.81,1,1,1
Steel,1505.74,ceramic,high,37.04,0.79,0,1,1
Cast Iron,1316.23,sand,medium,42.89,0.83,1,1,1
Aluminum,727.01,ceramic,medium,25.87,2.24,1,1,1
Steel,1595.68,sand,medium,39.25,2.79,1,1,1
Cast Iron,1349.19,ceramic,high,28.61,2.31,0,0,0
Cast Iron,1198.15,sand,low,15.02,0.69,1,1,0
Aluminum,740.04,ceramic,low,20.19,1.51,0,1,1
Steel,1464.18,sand,low,27.07,0.51,1,1,0
Cast Iron,1291.96,die,low,19.26,1.78,1,1,0
Aluminum,672.01,sand,low,20.1,0.98,0,1,1
Cast Iron,1210.06,sand,high,20.18,2.67,1,0,0
Steel,1591.95,sand,high,10.53,0.76,0,0,0
Cast Iron,1202.63,ceramic,high,8.81,0.5,0,0,0
Cast Iron,1284.64,ceramic,high,7.09,1.63,0,0,0
Cast Iron,1185.63,ceramic,high,9.99,0.89,0,0,0
Cast Iron,1168.68,die,high,20.47,2.34,0,0,0
Aluminum,683.93,die,high,31.72,2.8,0,0,1
Aluminum,712.42,sand,low,13.47,0.6,0,1,1
Steel,1487.19,die,medium,44.96,1.49,1,1,1
Aluminum,680.02,sand,high,41.38,2.99,0,0,1
Aluminum,720.87,sand,medium,28.42,2.33,0,0,1
Steel,1465.42,sand,high,37.59,2.88,1,1,1
Aluminum,694.69,die,high,21.48,0.91,0,0,1
Aluminum,744.17,ceramic,low,6.66,1.05,0,1,1
Steel,1509.55,die,medium,45.69,0.89,0,1,0
Steel,1515.13,sand,low,10.75,1.26,1,1,0
Steel,1560.73,sand,low,47.66,2.31,1,1,1
Cast Iron,1305.8,die,medium,30.73,0.91,0,1,0
Cast Iron,1303.92,sand,low,18.75,1.81,1,1,0
Steel,1599.68,sand,high,27.3,1.17,1,1,0
Steel,1460.72,die,high,27.57,2.57,1,0,0
Steel,1597.34,die,high,6.05,0.52,0,0,0
Cast Iron,1340.04,die,high,21.0,1.06,0,1,0
Cast Iron,1320.43,sand,high,38.29,2.01,0,0,1
Aluminum,695.41,sand,low,27.95,0.74,0,1,1
Aluminum,737.09,ceramic,low,15.99,1.67,0,1,1
Steel,1483.12,ceramic,high,20.08,1.59,0,0,0
Cast Iron,1308.33,die,high,43.84,2.63,1,1,1
Cast Iron,1187.05,ceramic,low,28.65,2.06,1,1,1
Cast Iron,1313.07,sand,medium,28.78,2.1,1,1,1
Steel,1542.18,ceramic,low,48.27,2.88,1,1,1
Aluminum,659.8,sand,low,19.44,2.96,1,1,1
Steel,1584.3,die,low,26.58,2.13,1,1,0
Aluminum,707.8,die,low,41.53,1.81,1,1,1
Aluminum,715.62,sand,low,39.15,2.02,0,1,1
Steel,1492.53,ceramic,medium,16.96,1.46,1,1,0
Aluminum,737.16,die,high,11.8,2.97,0,0,1
Aluminum,704.52,die,high,36.53,2.26,0,0,1
Cast Iron,1234.22,ceramic,medium,16.59,1.23,0,0,0
Aluminum,703.43,ceramic,high,46.52,0.64,0,0,1
Steel,1555.5,sand,high,10.82,0.61,0,0,0
Steel,1554.26,ceramic,high,19.32,1.01,0,0,0
Aluminum,685.76,ceramic,medium,7.47,1.08,0,0,1
Cast Iron,1227.05,ceramic,medium,36.65,1.54,1,1,1
Cast Iron,1262.45,sand,high,45.11,1.04,0,0,1
Aluminum,742.44,sand,high,33.61,2.08,0,0,1
Aluminum,724.54,die,high,47.2,1.03,0,0,1
Steel,1508.56,sand,low,10.78,0.97,1,1,0
Aluminum,683.7,die,low,8.95,1.68,0,1,0
Cast Iron,1254.73,ceramic,low,42.73,2.72,1,1,1
Aluminum,737.0,die,medium,43.5,1.67,0,1,1
Steel,1451.3,die,high,42.4,1.53,0,1,0
Steel,1556.57,ceramic,medium,40.95,1.95,1,1,0
Steel,1494.18,die,medium,21.3,1.14,1,1,0
Steel,1481.26,sand,medium,14.79,1.38,1,1,0
Steel,1451.82,sand,high,46.8,1.03,0,1,1
Aluminum,739.66,sand,low,18.82,1.93,1,1,1
Aluminum,741.22,sand,high,22.93,2.24,0,0,1
Aluminum,656.14,die,high,36.48,2.18,0,0,1
Aluminum,702.18,die,medium,18.2,1.14,0,0,1
Steel,1472.89,ceramic,medium,41.86,2.45,1,1,1
Cast Iron,1301.74,die,medium,8.15,1.14,0,0,0
Aluminum,716.54,die,low,40.6,0.88,0,1,1
Cast Iron,1209.43,die,low,32.08,1.37,1,1,0
Aluminum,661.7,ceramic,low,30.78,1.99,0,1,1
Aluminum,733.12,sand,high,25.63,0.86,0,0,1
Cast Iron,1284.85,die,medium,17.47,2.12,1,1,0
Steel,1451.02,ceramic,high,25.88,2.66,1,1,0
Aluminum,712.79,ceramic,low,25.25,1.23,0,1,1
Aluminum,731.03,ceramic,medium,31.27,1.63,0,0,1
Aluminum,709.08,sand,low,17.67,1.07,0,1,1
Cast Iron,1234.94,die,medium,8.49,1.4,0,0,0
Steel,1537.59,ceramic,medium,11.53,0.55,0,1,0
Cast Iron,1273.94,sand,high,36.46,2.88,1,0,1
Cast Iron,1278.01,ceramic,high,6.01,1.54,0,0,0
Steel,1595.06,ceramic,low,43.54,2.47,1,1,1
Cast Iron,1185.73,ceramic,high,36.25,0.86,0,0,1
Steel,1543.46,ceramic,high,39.56,2.53,1,1,1
Aluminum,668.8,ceramic,high,42.62,2.65,0,0,1
Steel,1481.49,sand,medium,10.52,2.29,1,1,0
Aluminum,716.93,die,high,42.01,2.76,0,0,1
Cast Iron,1333.19,die,low,27.71,0.92,1,1,0
Cast Iron,1181.81,die,medium,44.85,1.69,1,1,1
Aluminum,746.25,die,medium,44.9,2.05,0,1,1
Cast Iron,1213.87,sand,high,6.09,1.99,0,0,0
Steel,1508.7,sand,medium,22.23,2.65,1,1,0
Aluminum,665.37,sand,low,28.69,1.04,0,1,1
Cast Iron,1273.17,ceramic,low,35.53,0.94,1,1,1
Aluminum,709.64,ceramic,medium,17.88,1.13,0,0,1
Steel,1516.34,ceramic,high,16.35,2.73,1,1,0
Steel,1521.41,die,high,22.16,2.85,1,1,0
Cast Iron,1274.6,ceramic,medium,27.54,1.92,1,1,1
Steel,1537.52,die,low,47.8,1.75,1,1,1
Aluminum,687.43,ceramic,medium,39.29,2.01,0,1,1
Steel,1582.62,die,high,24.32,2.04,1,0,0
Aluminum,716.77,ceramic,high,7.45,0.93,0,0,1
Aluminum,670.54,ceramic,medium,12.58,2.22,0,0,1
Steel,1497.99,sand,low,25.52,1.63,1,1,0
Cast Iron,1307.58,ceramic,medium,41.62,1.79,1,1,1
Steel,1465.68,ceramic,low,22.13,0.58,1,1,0
Aluminum,725.02,sand,low,29.23,2.41,1,1,1
Aluminum,685.88,die,medium,45.13,2.59,0,1,1
Steel,1532.75,sand,medium,46.12,2.05,1,1,1
Cast Iron,1206.11,sand,low,14.71,2.37,1,1,0
Cast Iron,1347.29,die,low,6.96,1.81,1,1,0
Aluminum,740.58,ceramic,low,18.74,2.05,1,1,1
Aluminum,742.84,die,low,36.31,1.49,1,1,1
Cast Iron,1186.96,ceramic,high,47.8,2.48,1,1,1
Steel,1576.25,ceramic,medium,8.47,1.67,1,1,0
Aluminum,703.54,die,low,6.28,2.2,1,1,1
Aluminum,720.79,sand,medium,44.79,2.05,0,0,1
Cast Iron,1193.5,die,low,38.67,2.26,1,1,0
Steel,1556.8,ceramic,medium,49.65,2.46,1,1,1
Cast Iron,1332.85,die,medium,22.86,1.78,1,1,0
Steel,1490.12,die,low,23.72,2.53,1,1,0
Steel,1485.0,ceramic,low,12.75,1.74,1,1,0
Steel,1465.66,sand,medium,10.21,2.89,1,1,0
Aluminum,676.68,die,medium,31.04,2.38,0,1,1
Cast Iron,1257.16,ceramic,medium,21.39,0.93,1,1,1
Cast Iron,1316.54,ceramic,high,8.61,2.57,1,0,0
Steel,1491.82,die,low,44.91,1.88,1,1,0
Aluminum,712.11,sand,high,13.93,2.96,0,0,1
Aluminum,697.96,die,high,38.69,2.3,0,0,1
Cast Iron,1207.72,sand,low,17.7,0.71,0,1,0
Aluminum,701.04,sand,low,41.58,1.49,0,1,1
Aluminum,666.8,sand,high,10.33,1.79,0,0,1
Steel,1545.94,sand,low,39.02,2.6,1,1,0
Aluminum,661.57,die,medium,9.42,2.32,0,0,1
Steel,1559.65,ceramic,medium,25.11,1.42,1,1,0
Cast Iron,1185.54,ceramic,high,38.03,2.13,0,0,1
Aluminum,749.82,ceramic,high,12.79,1.94,0,0,1
Cast Iron,1314.73,ceramic,low,17.85,0.82,1,1,1
Cast Iron,1218.77,ceramic,low,43.91,1.09,0,1,1
Aluminum,692.62,ceramic,high,44.83,1.35,0,0,1
Aluminum,675.92,die,high,7.02,0.99,0,0,1
Cast Iron,1303.42,sand,medium,12.56,0.88,0,0,0
Aluminum,688.07,ceramic,medium,10.29,0.65,0,0,1
Steel,1563.28,die,low,13.09,2.68,1,1,0
Steel,1452.76,ceramic,medium,48.66,1.22,1,1,1
Aluminum,663.56,ceramic,low,29.82,1.23,0,1,1
Cast Iron,1222.99,sand,low,26.07,1.02,0,1,0
Aluminum,660.89,sand,low,49.3,1.69,0,1,1
Aluminum,710.11,sand,medium,30.06,1.79,0,0,1
Cast Iron,1160.17,ceramic,high,34.75,1.02,0,0,1
Cast Iron,1321.95,ceramic,high,19.97,2.02,0,0,0
Steel,1564.2,ceramic,medium,22.2,2.31,1,1,0
Cast Iron,1193.25,sand,high,31.75,1.43,0,0,1
Steel,1522.57,die,low,8.14,1.96,1,1,0
Cast Iron,1240.36,ceramic,high,16.51,1.76,1,1,1
Aluminum,722.49,ceramic,medium,13.86,0.99,0,0,1
Steel,1510.23,ceramic,high,5.72,2.33,1,0,0
Steel,1454.94,die,low,29.16,2.5,1,1,0
Steel,1491.06,ceramic,low,30.25,2.12,1,1,0
Aluminum,696.62,die,medium,22.28,1.31,0,0,1
Aluminum,747.45,ceramic,medium,17.09,2.82,1,0,1
Aluminum,738.12,die,medium,34.34,1.64,0,1,1
Aluminum,668.14,ceramic,low,11.06,1.16,0,1,1
Aluminum,722.33,sand,high,28.34,1.52,0,0,1
Steel,1590.52,sand,high,39.56,2.23,1,1,1
Aluminum,650.88,sand,medium,12.39,2.61,0,0,1
Steel,1558.14,sand,high,38.9,1.39,0,1,0
Aluminum,695.93,ceramic,high,39.24,1.08,0,0,1
Cast Iron,1286.05,sand,medium,7.7,2.07,1,1,0
Steel,1540.84,die,medium,5.85,2.8,1,1,0
Cast Iron,1346.93,sand,low,48.83,0.96,1,1,1
Steel,1493.32,sand,low,13.7,2.51,1,1,0
Cast Iron,1307.23,sand,low,42.0,1.69,1,1,1
Aluminum,673.46,ceramic,low,30.28,2.5,1,1,1
Aluminum,693.56,sand,high,16.9,1.76,0,0,1
Aluminum,747.54,die,high,10.85,1.44,0,0,0
Steel,1564.92,sand,low,27.35,2.24,1,1,0
Cast Iron,1213.16,sand,low,23.33,2.75,1,1,1
Aluminum,711.94,sand,medium,36.45,1.3,0,1,1
Cast Iron,1159.94,die,high,45.69,1.65,0,0,1
Cast Iron,1203.28,sand,high,41.24,1.07,0,1,1
Aluminum,721.84,die,low,17.35,0.96,0,1,0
Aluminum,707.01,die,high,44.55,2.44,0,0,1
Cast Iron,1243.93,sand,medium,42.5,1.0,1,1,1
Aluminum,719.09,die,medium,46.81,2.48,0,0,1
Aluminum,689.85,ceramic,high,25.64,1.57,0,0,1
Aluminum,652.62,sand,low,39.59,2.99,1,1,1
Steel,1516.15,sand,high,31.62,0.99,0,1,0
Cast Iron,1330.43,die,medium,18.97,0.73,1,1,0
Cast Iron,1321.32,die,low,49.75,0.69,1,1,1
Steel,1511.35,sand,high,6.72,2.59,1,0,0
Cast Iron,1154.44,ceramic,low,12.3,1.59,1,1,0
Aluminum,713.63,die,low,45.16,0.51,0,1,1
Cast Iron,1298.24,die,medium,7.73,2.69,1,1,0
Aluminum,679.42,ceramic,low,44.91,2.69,1,1,1
Steel,1521.5,ceramic,high,37.18,2.52,1,1,1
Aluminum,749.19,sand,low,6.65,1.12,0,0,0
Cast Iron,1265.27,ceramic,low,24.32,1.43,1,1,0
Cast Iron,1220.21,sand,high,38.95,2.36,1,1,1
Cast Iron,1275.5,ceramic,medium,31.24,1.72,1,1,1
Steel,1477.0,die,medium,47.11,0.88,1,1,1
Steel,1479.89,sand,high,44.04,1.11,0,1,1
Cast Iron,1334.98,sand,high,19.97,2.93,1,0,0
Aluminum,673.92,sand,medium,8.81,0.88,0,0,1
Steel,1496.62,ceramic,low,47.49,2.32,1,1,1
Cast Iron,1258.76,die,high,28.28,1.7,0,0,0
Cast Iron,1329.94,sand,low,8.35,2.37,1,1,0
Steel,1567.22,sand,high,41.75,2.15,1,1,0
Steel,1456.57,sand,medium,44.08,1.6,1,1,1
Steel,1553.95,sand,low,33.77,1.38,1,1,0
Aluminum,700.41,die,low,25.14,2.39,0,1,0
Aluminum,697.56,ceramic,high,34.8,1.31,0,0,1
Cast Iron,1288.31,die,low,36.8,2.47,1,1,0
Steel,1479.43,sand,high,45.19,2.2,1,1,1
Aluminum,748.15,die,medium,48.01,1.94,0,1,1
Steel,1546.8,sand,low,28.14,1.42,1,1,0
Cast Iron,1223.13,ceramic,high,40.93,1.01,0,1,1
Aluminum,710.02,ceramic,low,48.4,2.28,1,1,1
Aluminum,671.65,ceramic,high,11.81,0.73,0,0,0
Aluminum,713.38,sand,high,5.82,2.93,0,0,0
Cast Iron,1155.64,die,high,44.1,2.95,0,0,0
Steel,1501.18,ceramic,medium,13.79,0.83,0,1,0
Aluminum,724.75,sand,low,6.91,0.76,0,1,1
Cast Iron,1311.6,sand,medium,12.2,1.53,1,1,0
Steel,1487.94,die,high,22.29,2.91,1,0,0
Cast Iron,1257.88,ceramic,high,14.87,1.5,0,0,0
Steel,1529.27,sand,medium,18.74,1.41,1,1,0
Cast Iron,1234.29,die,medium,48.89,2.26,1,1,1
Steel,1484.26,ceramic,low,36.7,0.95,1,1,1
Aluminum,720.32,die,high,37.05,1.41,0,0,1
Steel,1487.85,die,medium,9.26,1.23,1,1,0
Cast Iron,1332.21,sand,high,37.94,2.0,1,1,1
Cast Iron,1255.7,sand,high,38.27,0.91,0,1,1
Steel,1580.57,sand,low,34.69,1.87,1,1,1
Aluminum,679.07,die,low,15.28,2.64,0,0,0
Aluminum,730.71,sand,low,24.04,1.79,1,1,1
Steel,1467.05,die,medium,43.08,2.21,1,1,0
Steel,1565.02,die,high,35.16,0.69,0,1,0
Cast Iron,1227.39,sand,medium,37.97,1.62,1,1,1
Aluminum,697.0,ceramic,medium,31.43,0.74,0,1,1
Steel,1475.02,ceramic,low,25.23,2.0,1,1,0
Aluminum,651.86,ceramic,high,39.16,1.2,0,0,1
Steel,1549.93,die,high,8.06,1.22,0,0,0
Steel,1538.16,die,low,35.29,0.69,1,1,0
Aluminum,712.24,die,high,49.87,1.28,0,0,1
Steel,1488.25,sand,low,40.11,1.77,1,1,1
Steel,1485.89,die,medium,18.08,1.96,1,1,0
Cast Iron,1316.06,sand,medium,17.5,0.67,0,1,0
Steel,1564.19,sand,low,35.02,2.13,1,1,0
Steel,1500.52,ceramic,medium,45.31,1.72,1,1,0
Steel,1545.67,ceramic,medium,31.01,1.84,1,1,0
Cast Iron,1315.63,ceramic,low,28.73,2.58,1,1,1
Aluminum,738.88,sand,medium,12.22,1.36,0,0,1
Cast Iron,1151.16,sand,high,37.2,0.94,0,0,1
Cast Iron,1312.69,sand,medium,36.6,1.88,1,1,1
Aluminum,685.04,die,low,48.51,2.86,1,1,1
Cast Iron,1293.68,sand,high,18.51,1.79,0,0,0
Aluminum,687.14,ceramic,high,39.04,2.58,0,0,1
Cast Iron,1271.25,ceramic,medium,24.53,2.39,1,1,1
Aluminum,714.68,sand,high,30.13,1.8,0,0,1
Steel,1510.75,sand,low,41.74,2.12,1,1,1
Cast Iron,1252.56,ceramic,high,14.99,1.52,0,0,0
Cast Iron,1295.26,sand,medium,20.43,1.83,1,1,0
Cast Iron,1245.26,ceramic,medium,39.8,1.77,1,1,1
Cast Iron,1152.8,die,high,30.67,2.27,0,0,0
Steel,1451.94,ceramic,low,9.16,1.52,1,1,0
Cast Iron,1282.26,die,low,24.36,0.75,0,1,0
Steel,1577.09,sand,medium,31.4,2.47,1,1,0
Steel,1567.79,sand,medium,45.93,2.21,1,1,0
Steel,1496.56,die,low,13.48,2.88,1,1,0
Steel,1520.67,sand,high,41.27,1.57,1,1,1
Aluminum,673.42,die,high,10.88,0.7,0,0,0
Aluminum,748.91,sand,high,15.9,0.8,0,0,1
Cast Iron,1202.1,ceramic,high,15.95,2.43,1,0,0
Aluminum,691.63,sand,low,44.49,0.67,0,1,1
Aluminum,718.11,ceramic,medium,13.96,2.77,1,1,1
Cast Iron,1325.2,ceramic,medium,40.41,1.2,1,1,1
Cast Iron,1160.3,die,high,25.78,2.75,1,0,0
Cast Iron,1210.2,sand,low,49.96,2.43,1,1,1
Aluminum,706.9,die,low,42.76,2.68,1,1,1
Aluminum,711.83,sand,high,38.29,1.04,0,0,1
Cast Iron,1164.01,ceramic,high,44.18,1.99,0,1,1
Steel,1549.61,ceramic,high,33.53,0.73,0,0,0
Cast Iron,1255.61,sand,medium,42.96,1.01,0,1,1
Steel,1574.14,sand,high,16.75,1.27,0,0,0
Steel,1483.33,die,medium,9.4,2.35,1,1,0
Cast Iron,1189.01,sand,low,32.72,0.56,0,1,1
Cast Iron,1308.67,sand,low,24.56,2.76,1,1,0
Cast Iron,1290.77,sand,medium,24.19,0.68,0,1,0
Aluminum,729.17,die,medium,28.7,1.44,0,0,1
Steel,1567.29,sand,medium,21.26,0.7,1,1,0
Aluminum,660.4,ceramic,medium,33.17,2.42,1,1,1
Aluminum,677.86,die,high,6.38,0.85,0,0,0
Cast Iron,1202.02,die,low,48.65,2.71,1,1,1
Aluminum,743.46,ceramic,high,46.61,1.83,0,0,1
Cast Iron,1247.49,ceramic,medium,47.09,2.87,1,1,1
Steel,1466.66,ceramic,high,21.43,1.23,1,1,0
Cast Iron,1207.92,sand,high,28.94,1.64,0,0,1
Aluminum,737.19,ceramic,low,47.94,2.24,1,1,1
Aluminum,734.71,sand,high,45.61,2.58,0,0,1
Cast Iron,1330.07,die,low,40.56,1.55,1,1,0
Cast Iron,1227.71,die,medium,23.33,2.73,1,1,0
Aluminum,714.13,ceramic,high,30.4,0.79,0,0,1
Steel,1491.73,sand,medium,40.68,2.27,1,1,0
Steel,1477.12,ceramic,low,17.29,1.37,1,1,0
Cast Iron,1154.38,ceramic,medium,33.19,0.75,0,1,1
Steel,1483.52,sand,medium,42.26,1.47,1,1,1
Aluminum,710.44,ceramic,low,36.84,2.7,1,1,1
Cast Iron,1330.84,die,medium,26.58,2.95,1,1,0
Aluminum,663.34,ceramic,medium,31.31,1.48,0,1,1
Aluminum,741.8,sand,medium,49.49,2.72,1,1,1
Steel,1501.81,sand,high,32.09,1.77,0,0,0
Cast Iron,1235.37,die,medium,40.35,2.29,1,1,1
Cast Iron,1223.0,sand,low,37.7,0.61,0,1,1
Steel,1511.29,sand,high,36.57,1.89,1,0,0
Aluminum,675.92,die,high,37.24,0.68,0,0,1
Aluminum,719.86,ceramic,low,25.45,1.17,0,1,1
Aluminum,725.82,die,medium,26.34,1.92,0,1,1
Aluminum,732.31,ceramic,high,26.05,2.52,0,0,1
Cast Iron,1218.26,die,high,6.5,1.9,0,0,0
Cast Iron,1302.93,ceramic,high,15.85,2.84,1,0,0
Steel,1545.65,die,medium,11.96,2.53,1,1,0
Steel,1593.69,ceramic,high,44.89,0.89,0,1,1
Cast Iron,1234.96,die,low,17.37,1.47,1,1,0
Cast Iron,1348.46,ceramic,medium,11.23,2.17,1,1,0
Aluminum,724.04,die,low,10.39,2.85,1,1,1
Aluminum,727.63,sand,low,36.5,2.97,1,1,1
Steel,1453.86,ceramic,high,5.27,2.41,1,0,0
Cast Iron,1249.48,die,high,26.21,1.93,1,1,0
Steel,1529.25,ceramic,high,10.35,2.39,1,0,0
Cast Iron,1158.12,ceramic,low,43.23,1.18,1,1,1
Aluminum,681.21,die,medium,48.13,1.21,0,1,1
Steel,1593.35,ceramic,high,48.14,2.14,1,1,1
Steel,1513.92,die,high,24.89,2.68,1,1,0
Cast Iron,1187.34,sand,low,34.0,2.92,1,1,1
Aluminum,701.33,ceramic,medium,31.99,1.35,0,0,1
Steel,1455.06,sand,low,20.75,2.49,1,1,0
Aluminum,701.6,ceramic,high,24.98,2.63,0,0,1
Steel,1539.14,ceramic,low,7.89,2.06,1,1,0
Aluminum,685.77,ceramic,high,40.81,1.37,0,0,1
Cast Iron,1302.52,die,medium,15.84,2.05,1,1,0
Steel,1470.36,sand,low,25.72,1.96,1,1,0
Steel,1581.73,ceramic,high,26.63,2.02,1,1,0
Aluminum,745.54,die,high,30.23,2.05,0,0,1
Aluminum,650.12,ceramic,high,41.8,2.62,0,0,1
Steel,1576.41,die,high,36.13,0.93,0,1,0
Cast Iron,1251.22,ceramic,low,34.84,1.42,1,1,1
Aluminum,696.14,sand,high,28.7,1.97,0,0,1
Aluminum,673.87,sand,low,9.32,1.21,0,1,1
Aluminum,694.73,ceramic,high,23.09,2.95,0,0,1
Steel,1592.56,die,low,48.08,1.16,1,1,0
Steel,1481.62,ceramic,low,49.8,1.67,1,1,1
Steel,1476.86,die,high,37.87,2.69,1,1,0
Steel,1486.28,ceramic,high,15.24,0.7,0,0,0
Cast Iron,1260.37,die,high,9.59,2.55,0,0,0
Cast Iron,1336.06,sand,high,23.66,1.93,0,0,0
Steel,1536.08,ceramic,medium,43.55,0.58,1,1,1
Cast Iron,1198.7,sand,high,37.48,2.76,1,0,1
Aluminum,694.05,sand,high,44.78,0.6,0,0,1
Aluminum,689.04,ceramic,high,32.71,1.79,0,0,1
Aluminum,654.66,ceramic,low,10.86,0.62,0,1,1
Steel,1526.6,die,high,10.17,0.68,0,0,0
Aluminum,662.6,die,low,7.16,2.72,1,1,1
Cast Iron,1318.45,sand,low,30.52,2.41,1,1,1
Steel,1532.34,die,low,15.93,0.99,1,1,0
Cast Iron,1318.92,die,low,38.05,2.05,1,1,0
Aluminum,745.6,ceramic,medium,35.88,2.49,0,1,1
Aluminum,744.32,die,high,19.31,2.72,0,0,0
Aluminum,660.04,sand,low,12.96,1.67,0,1,1
Steel,1591.72,die,high,9.61,2.74,1,1,0
Cast Iron,1309.15,sand,low,38.18,1.77,1,1,1
Steel,1566.65,ceramic,medium,25.27,2.22,1,1,0
Steel,1463.52,sand,low,19.56,2.95,1,1,0
Aluminum,667.95,die,high,43.55,1.09,0,0,1
Steel,1596.27,ceramic,high,31.71,0.92,0,1,0
Steel,1482.01,die,medium,28.31,1.36,1,1,0
Aluminum,666.91,ceramic,high,38.45,0.91,0,0,1
Steel,1504.35,ceramic,high,41.7,1.21,0,1,1
Aluminum,741.34,die,low,35.87,2.36,1,1,1
Aluminum,697.62,die,high,24.8,1.69,0,0,1
Aluminum,742.06,ceramic,low,22.07,1.44,0,1,1
Aluminum,683.43,ceramic,medium,39.72,1.42,0,1,1
Steel,1483.98,die,high,28.31,0.99,0,0,0
Aluminum,699.52,sand,low,36.7,1.62,0,1,1
Aluminum,711.55,die,high,45.07,2.06,0,0,1
Steel,1508.72,ceramic,low,46.22,0.85,1,1,1
Steel,1501.9,die,medium,17.5,2.93,1,1,0
Cast Iron,1193.61,sand,low,13.46,1.61,1,1,0
Steel,1491.25,die,high,16.76,2.87,1,0,0
Steel,1550.97,ceramic,low,38.81,0.84,1,1,0
Cast Iron,1223.97,die,high,21.65,2.42,1,0,0
Steel,1461.96,ceramic,medium,12.8,2.04,1,1,0
Steel,1470.72,ceramic,low,9.43,2.55,1,1,0
Steel,1505.86,die,high,19.73,2.0,1,0,0
Steel,1588.68,ceramic,high,11.13,2.91,1,0,0
Cast Iron,1225.81,ceramic,high,12.04,2.07,0,0,0
Steel,1459.1,sand,low,35.77,2.46,1,1,0
Steel,1512.7,sand,low,5.89,2.69,1,1,0
Cast Iron,1283.76,sand,low,10.29,2.29,1,1,0
Aluminum,709.36,sand,medium,43.0,1.81,0,1,1
Cast Iron,1205.76,ceramic,high,43.02,1.18,0,0,1
Aluminum,718.81,die,high,19.82,2.64,0,0,1
Cast Iron,1276.12,ceramic,medium,8.96,1.7,0,0,0
Cast Iron,1184.43,ceramic,medium,36.72,2.05,1,1,1
Steel,1474.32,ceramic,low,21.21,0.7,1,1,0
Aluminum,704.72,die,low,7.05,1.74,0,1,0
Steel,1548.92,sand,low,12.1,2.25,1,1,0
Aluminum,746.19,ceramic,low,11.17,1.96,0,0,0
Cast Iron,1234.39,ceramic,low,31.51,1.62,1,1,1
Cast Iron,1302.99,sand,low,45.42,1.06,1,1,1
Aluminum,661.65,ceramic,medium,40.69,1.27,0,0,1
Steel,1583.44,die,medium,29.59,2.25,1,1,0
Steel,1544.97,ceramic,medium,24.0,1.06,1,1,0
Steel,1544.35,ceramic,high,32.84,2.05,1,1,0
Steel,1471.37,sand,high,24.97,1.97,1,0,0
Cast Iron,1157.92,ceramic,low,16.07,2.93,1,1,1
Cast Iron,1290.29,ceramic,medium,35.56,0.65,0,1,1
Cast Iron,1173.41,die,high,44.3,0.77,0,1,1
Cast Iron,1175.39,sand,high,21.78,1.77,0,0,1
Cast Iron,1187.5,sand,medium,42.87,1.82,0,1,1
Steel,1464.66,die,high,24.4,0.6,0,0,0
Steel,1543.81,ceramic,high,23.06,2.56,1,1,1
Steel,1513.3,sand,medium,6.27,1.74,1,1,0
Steel,1489.91,sand,high,36.29,1.37,1,1,1
Cast Iron,1238.15,ceramic,medium,41.34,1.3,1,1,1
Cast Iron,1318.83,ceramic,high,34.86,2.65,1,0,1
Cast Iron,1335.42,sand,medium,11.81,0.99,0,1,0
Aluminum,698.75,ceramic,high,9.65,0.9,0,0,1
Steel,1535.01,sand,high,30.78,1.03,1,1,1
Steel,1488.58,ceramic,medium,23.07,2.06,1,1,0
Cast Iron,1252.72,ceramic,high,24.31,2.53,0,0,0
Steel,1562.22,die,medium,48.55,1.33,1,1,1
Steel,1523.82,ceramic,medium,37.58,0.93,0,1,0
Cast Iron,1210.41,die,high,23.53,1.02,0,0,0
Aluminum,708.2,ceramic,low,5.86,2.05,0,0,0
Aluminum,744.67,sand,high,6.53,1.12,0,0,1
Aluminum,738.8,sand,low,35.82,2.69,1,1,1
Cast Iron,1303.85,ceramic,low,42.7,0.76,0,1,0
Steel,1491.43,ceramic,high,36.85,0.58,0,1,0
Cast Iron,1198.31,sand,low,23.26,0.72,0,1,1
Cast Iron,1317.71,ceramic,medium,6.4,2.61,1,1,0
Steel,1477.2,die,medium,48.53,2.13,1,1,0
Aluminum,710.56,die,low,49.39,2.89,1,1,1
Aluminum,693.89,die,medium,29.72,1.34,0,1,1
Cast Iron,1243.6,die,high,8.18,1.03,0,0,0
Aluminum,695.45,die,medium,29.34,1.9,0,1,1
Cast Iron,1329.99,ceramic,low,45.16,1.84,1,1,1
Cast Iron,1167.42,ceramic,high,35.6,1.98,0,0,1
Steel,1567.44,die,medium,37.4,1.37,1,1,0
Steel,1575.25,ceramic,high,8.82,0.51,0,0,0
Steel,1591.43,ceramic,low,9.79,0.59,1,1,0
Cast Iron,1240.52,die,medium,10.73,2.16,1,1,0
Steel,1525.01,ceramic,high,45.7,1.81,1,1,1
Aluminum,746.13,ceramic,high,28.66,2.55,0,0,1
Aluminum,695.85,ceramic,medium,40.62,1.25,0,1,1
Cast Iron,1250.71,die,high,10.19,2.54,1,0,0
Cast Iron,1216.45,ceramic,high,46.74,1.56,0,1,1
Steel,1454.74,sand,low,41.95,0.74,1,1,1
Cast Iron,1236.61,sand,low,15.11,2.94,1,1,0
Cast Iron,1281.02,die,low,44.34,1.78,1,1,1
Aluminum,718.99,sand,low,16.85,2.07,0,1,1
Aluminum,650.65,die,low,14.24,2.18,1,1,1
Steel,1570.16,sand,low,16.89,1.41,1,1,0
Cast Iron,1248.48,sand,medium,45.95,2.37,1,1,1
Cast Iron,1254.15,sand,low,46.2,2.68,1,1,1
Aluminum,746.17,die,high,19.8,1.47,0,0,1
Cast Iron,1206.89,die,medium,36.74,2.14,1,1,1
Aluminum,726.17,ceramic,high,35.41,2.39,0,0,1
Steel,1536.22,die,low,41.3,0.98,1,1,0
Aluminum,720.08,sand,low,18.34,1.33,0,1,1
Cast Iron,1233.56,sand,high,27.96,0.77,0,0,0
Steel,1491.88,die,high,35.05,2.01,1,1,0
Aluminum,704.61,die,high,6.18,2.5,0,0,0
Aluminum,687.49,die,medium,21.95,2.03,0,0,1
Steel,1483.44,ceramic,low,36.31,0.95,1,1,1
Steel,1575.89,sand,high,16.37,1.87,1,0,0
Aluminum,697.58,ceramic,low,48.1,2.59,1,1,1
Cast Iron,1319.46,ceramic,high,6.36,1.26,0,0,0
Aluminum,697.4,sand,low,48.11,2.58,1,1,1
Steel,1533.52,sand,medium,14.75,2.46,1,1,0
Aluminum,749.53,die,low,7.2,0.55,0,0,0
Steel,1592.73,die,high,18.16,1.1,1,1,0
Steel,1490.75,ceramic,low,40.38,1.86,1,1,1
Cast Iron,1323.73,die,medium,38.86,2.29,1,1,1
Steel,1508.56,die,medium,14.4,2.7,1,1,0
Steel,1460.69,sand,low,13.86,2.1,1,1,0
Cast Iron,1265.16,sand,high,33.92,1.45,0,1,1
Steel,1596.56,die,medium,25.61,0.96,1,1,0
Cast Iron,1344.86,sand,medium,40.65,2.4,1,1,1
Cast Iron,1175.29,die,low,6.09,1.02,0,1,0
Steel,1565.69,sand,medium,32.47,2.24,1,1,0
Steel,1570.42,sand,medium,37.88,0.95,1,1,1
Aluminum,686.87,sand,high,49.7,0.73,0,0,1
Cast Iron,1281.72,sand,high,35.55,1.13,0,0,1
Aluminum,698.82,die,high,15.43,1.21,0,0,0
Steel,1484.18,ceramic,low,9.87,2.12,1,1,0
Aluminum,726.13,sand,medium,33.84,0.9,0,1,1
Cast Iron,1202.55,die,low,28.54,2.83,1,1,0
Aluminum,684.04,die,medium,45.46,1.89,0,1,1
Cast Iron,1188.0,sand,medium,37.7,1.73,1,1,1
Steel,1557.89,ceramic,medium,27.94,1.59,1,1,0
Steel,1518.81,sand,high,23.16,1.92,1,1,0
Cast Iron,1238.67,die,low,23.2,0.56,0,1,0
Steel,1540.68,ceramic,low,15.18,2.98,1,1,0
Steel,1473.59,die,medium,5.78,1.89,1,1,0
Steel,1584.72,sand,low,30.87,0.59,1,1,0
Steel,1519.77,ceramic,high,14.56,1.97,0,0,0
Cast Iron,1223.31,die,low,14.37,1.59,1,1,0
Aluminum,662.67,die,medium,10.64,0.56,0,0,1
Aluminum,666.8,die,high,13.53,2.81,0,0,1
Steel,1588.05,sand,high,6.43,0.53,0,0,0
Aluminum,695.66,ceramic,medium,35.34,1.94,0,1,1
Aluminum,722.22,sand,low,23.06,2.9,1,1,1
Steel,1462.08,sand,medium,30.27,1.09,1,1,0
Steel,1546.52,sand,low,33.66,1.14,1,1,0
Aluminum,742.15,ceramic,low,48.76,0.5,0,1,1
Cast Iron,1209.99,sand,high,8.07,0.67,0,0,0
Steel,1536.87,sand,medium,23.81,0.61,0,1,0
Cast Iron,1338.04,sand,high,16.07,2.56,1,0,0
Aluminum,721.93,sand,medium,26.45,2.59,1,1,1
Steel,1459.35,die,medium,46.42,2.32,1,1,0
Cast Iron,1225.75,sand,high,37.58,1.38,0,0,1
Steel,1462.87,die,medium,34.79,2.55,1,1,0
Aluminum,736.13,sand,medium,24.86,1.85,0,0,1
Cast Iron,1274.33,ceramic,low,35.2,1.26,1,1,1
Aluminum,745.64,die,medium,6.46,1.59,0,0,0
Aluminum,651.98,die,medium,31.38,0.66,0,1,1
Steel,1513.46,die,high,29.92,2.86,1,0,0
Cast Iron,1170.87,die,high,20.6,2.05,0,0,0
Aluminum,685.05,ceramic,medium,14.07,2.33,0,0,1
Aluminum,666.19,sand,low,41.34,2.19,0,1,1
Cast Iron,1215.76,die,low,7.42,2.17,1,1,0
Aluminum,731.93,ceramic,high,8.14,0.54,0,0,0
Aluminum,666.07,die,medium,24.82,1.81,0,0,1
Cast Iron,1244.73,sand,medium,16.36,2.55,1,1,0
Cast Iron,1334.32,die,low,38.55,0.61,1,1,0
Cast Iron,1349.76,ceramic,low,33.54,2.89,1,1,0
Cast Iron,1200.13,sand,low,39.76,1.56,1,1,1
Steel,1590.34,ceramic,high,19.61,1.22,1,1,0
Cast Iron,1202.28,sand,medium,38.32,1.83,0,1,1
Steel,1512.03,sand,high,43.8,2.5,1,1,1
Steel,1581.69,sand,medium,20.54,1.69,1,1,0
Steel,1567.93,die,high,20.3,2.11,1,0,0
Aluminum,735.75,ceramic,medium,45.5,1.75,0,1,1
Steel,1570.04,ceramic,low,7.24,2.08,1,1,0
Steel,1485.26,ceramic,low,20.76,0.85,1,1,0
Aluminum,705.88,sand,low,10.34,0.6,0,1,1
Aluminum,688.53,die,high,6.3,0.84,0,0,1
Aluminum,695.97,sand,low,10.08,1.21,0,1,1
Cast Iron,1180.79,ceramic,medium,24.41,1.13,0,1,1
Aluminum,681.58,die,high,35.91,2.04,0,0,1
Aluminum,735.76,die,medium,18.02,1.64,0,1,1
Steel,1584.63,die,high,43.24,0.6,0,1,0
Aluminum,711.02,ceramic,medium,24.69,0.59,0,0,1
Cast Iron,1249.65,die,medium,48.57,0.73,0,1,1
Aluminum,721.28,die,high,47.94,1.38,0,0,1
Cast Iron,1271.77,sand,high,39.8,0.52,0,1,1
Aluminum,748.37,sand,low,46.96,1.73,0,1,1
Aluminum,669.01,die,low,36.82,1.4,0,1,1
Aluminum,694.9,die,medium,45.3,1.89,0,1,1
Aluminum,741.82,sand,medium,15.64,2.3,0,0,1
Cast Iron,1332.95,sand,medium,20.54,1.13,1,1,0
Cast Iron,1249.07,sand,high,38.88,0.89,0,0,1
Steel,1470.22,ceramic,high,24.11,1.2,0,0,0
Cast Iron,1312.99,ceramic,low,42.68,0.5,1,1,1
Aluminum,708.52,sand,medium,44.49,0.8,0,1,1
Steel,1565.97,die,low,18.49,2.38,1,1,0
Steel,1519.38,sand,high,42.06,1.06,0,1,1
Steel,1480.58,ceramic,high,11.94,2.99,1,0,0
Aluminum,652.4,die,high,20.04,0.92,0,0,1
Cast Iron,1261.83,ceramic,low,28.31,2.47,1,1,0
Aluminum,666.1,die,high,15.19,2.26,0,0,0
Steel,1478.07,ceramic,medium,31.07,1.31,1,1,0
Aluminum,693.63,die,low,31.04,1.33,0,1,1
Aluminum,694.21,die,high,14.31,1.91,0,0,1
Cast Iron,1204.88,die,low,40.8,2.63,1,1,1
Cast Iron,1176.38,die,low,33.42,1.47,1,1,0
Steel,1591.74,ceramic,high,19.3,0.65,0,0,0
Aluminum,663.16,ceramic,high,15.45,1.44,0,0,1
Aluminum,685.08,die,low,44.54,1.02,0,1,1
Cast Iron,1210.97,die,low,42.61,2.85,1,1,1
Aluminum,736.63,ceramic,high,15.34,2.24,0,0,1
Aluminum,691.01,die,medium,6.6,0.63,0,0,0
Aluminum,662.4,die,low,41.2,1.23,0,1,1
Cast Iron,1152.05,die,low,32.7,0.63,1,1,1
Steel,1558.29,sand,medium,9.54,2.58,1,1,0
Steel,1557.18,die,high,31.43,2.77,1,1,0
Aluminum,691.78,sand,high,25.35,0.78,0,0,1
Steel,1468.95,die,medium,39.85,1.6,1,1,0
Cast Iron,1224.33,ceramic,high,14.41,2.83,1,0,0
Cast Iron,1267.98,sand,high,25.39,0.86,0,0,1
Steel,1555.59,sand,low,12.03,1.23,1,1,0
Steel,1461.74,die,low,48.09,1.26,1,1,1
Aluminum,705.63,die,low,40.04,0.58,0,1,1
Steel,1491.42,sand,medium,38.15,0.59,1,1,1
Aluminum,711.73,ceramic,high,36.06,2.88,0,0,1
Aluminum,714.81,ceramic,high,24.05,1.93,0,0,1
Cast Iron,1332.12,die,low,46.55,1.27,1,1,1
Cast Iron,1232.08,ceramic,low,8.28,1.45,1,1,0
Cast Iron,1257.52,ceramic,medium,41.15,2.29,1,1,1
Cast Iron,1203.64,die,high,14.69,1.42,0,0,0
Steel,1492.98,ceramic,medium,19.58,1.07,0,1,0
Cast Iron,1159.21,die,high,28.37,0.75,0,0,0
Steel,1492.91,sand,medium,40.22,2.32,1,1,1
Cast Iron,1162.77,die,low,42.73,0.95,0,1,1
Steel,1594.59,sand,medium,31.27,0.67,1,1,0
Aluminum,712.43,sand,medium,23.14,1.57,0,0,1
Steel,1475.97,ceramic,low,47.59,0.6,1,1,1
Steel,1467.51,ceramic,high,16.09,2.91,1,0,0
Cast Iron,1224.02,ceramic,high,41.14,2.07,0,0,1
Steel,1496.15,die,low,32.54,0.88,1,1,0
Aluminum,677.93,ceramic,medium,21.96,0.93,0,0,1
Aluminum,696.82,sand,medium,5.06,1.92,0,0,1
Cast Iron,1332.57,ceramic,medium,25.1,1.39,1,1,0
Aluminum,706.81,ceramic,high,17.45,2.44,0,0,1
Steel,1528.18,die,medium,9.7,1.86,1,1,0
Aluminum,730.65,die,high,8.38,1.58,0,0,0
Cast Iron,1150.8,sand,medium,20.64,2.91,1,0,0
Steel,1479.61,die,low,32.66,1.48,1,1,0
Cast Iron,1249.24,ceramic,low,42.69,1.5,1,1,1
Steel,1555.8,die,high,13.26,2.16,1,0,0
Aluminum,698.5,sand,high,24.11,2.52,0,0,1
Cast Iron,1182.74,ceramic,low,22.64,2.07,1,1,0
Cast Iron,1336.0,sand,low,28.1,2.25,1,1,1
Steel,1499.3,die,medium,41.43,1.43,1,1,0
Cast Iron,1307.64,die,low,29.91,1.7,1,1,1
Steel,1583.71,sand,high,43.1,0.99,0,1,1
Steel,1501.97,ceramic,low,28.33,2.2,1,1,0
Steel,1576.8,die,high,32.17,1.05,0,1,0
Steel,1556.62,die,high,24.68,0.5,1,1,0
Aluminum,740.43,ceramic,medium,42.04,2.83,1,1,1
Steel,1487.7,die,medium,46.57,1.27,1,1,0
Cast Iron,1336.26,sand,medium,33.76,0.99,0,1,1
Aluminum,656.53,die,medium,41.94,1.17,0,1,1
Cast Iron,1308.73,die,low,7.66,1.33,1,1,0
Aluminum,693.57,ceramic,medium,45.78,1.69,0,1,1
Steel,1476.68,sand,low,13.5,0.67,1,1,0
Aluminum,657.94,ceramic,medium,16.54,0.63,0,0,1
Aluminum,688.95,die,medium,7.4,1.23,0,0,1
Cast Iron,1227.86,die,high,48.44,1.24,0,0,1
Cast Iron,1195.99,ceramic,low,43.34,0.79,0,1,1
Steel,1482.33,ceramic,high,46.09,1.51,1,1,1
Aluminum,689.95,ceramic,medium,43.12,1.21,0,1,1
Aluminum,691.01,sand,low,26.58,0.57,0,1,1
Aluminum,694.24,die,medium,46.58,2.71,0,1,1
Steel,1580.31,ceramic,high,48.63,2.72,1,1,1
Steel,1541.69,die,low,27.62,1.02,1,1,0
Steel,1453.06,sand,high,12.9,0.91,0,0,0
Steel,1527.86,sand,medium,34.64,1.87,1,1,0
Steel,1564.37,sand,medium,48.89,2.08,1,1,1
Cast Iron,1161.28,sand,medium,44.25,2.89,1,1,1
Aluminum,692.26,die,low,43.78,1.44,0,1,1
Aluminum,695.12,sand,high,47.02,2.05,0,0,1
Aluminum,745.4,sand,high,45.23,2.7,0,0,1
Aluminum,697.57,ceramic,medium,39.93,1.62,0,1,1
Aluminum,724.99,sand,high,37.32,0.81,0,0,1
Aluminum,680.29,ceramic,low,16.91,1.44,0,0,1
Aluminum,727.93,sand,medium,32.96,0.84,0,1,1
Aluminum,682.27,sand,medium,28.47,0.54,0,1,1
Cast Iron,1236.0,ceramic,medium,43.79,2.38,1,1,1
Aluminum,697.95,sand,low,27.13,1.1,0,1,1
Cast Iron,1335.27,die,medium,10.75,0.51,0,1,0
Steel,1458.02,die,medium,5.22,2.68,1,1,0
Aluminum,669.69,sand,medium,35.5,1.61,0,1,1
Steel,1555.86,die,medium,29.75,1.1,1,1,0
Steel,1536.64,ceramic,high,19.89,1.16,0,0,0
Steel,1487.73,sand,medium,12.6,1.1,1,1,0
Cast Iron,1207.84,sand,low,26.0,0.99,1,1,1
Steel,1505.1,ceramic,medium,9.51,2.6,1,1,0
Steel,1517.55,ceramic,medium,20.12,0.93,1,1,0
Steel,1572.7,ceramic,high,22.06,1.9,1,1,0
Aluminum,651.38,sand,medium,25.95,0.69,0,0,1
Aluminum,739.8,ceramic,high,26.0,2.87,0,0,1
Cast Iron,1232.61,ceramic,low,16.57,2.01,1,1,0
Cast Iron,1196.1,die,high,43.26,2.76,0,0,0
Aluminum,700.84,die,medium,21.0,1.49,0,0,1
Cast Iron,1281.93,sand,low,15.33,2.53,1,1,0
Aluminum,654.48,die,medium,12.91,2.63,0,0,1
Steel,1557.37,die,high,19.52,2.26,1,1,0
Steel,1564.11,ceramic,low,8.04,0.73,1,1,0
Cast Iron,1183.24,ceramic,low,6.48,0.54,1,1,0
Aluminum,666.79,die,high,32.23,0.92,0,0,1
Aluminum,670.38,die,high,32.86,0.8,0,0,1
Cast Iron,1309.33,die,low,28.83,2.31,1,1,0
Aluminum,677.2,sand,low,39.3,1.89,0,1,1
Steel,1569.39,sand,high,6.76,1.81,1,0,0
Cast Iron,1258.1,sand,medium,47.12,1.13,0,1,1
Cast Iron,1303.43,die,low,9.28,0.89,0,1,0
Aluminum,705.37,die,high,35.33,1.02,0,0,1
Cast Iron,1217.15,sand,medium,11.0,1.5,0,0,0
Aluminum,741.07,sand,low,44.6,2.35,1,1,1
Aluminum,721.53,die,low,27.98,1.14,0,1,1
Aluminum,698.41,ceramic,high,8.7,2.25,0,0,1
Aluminum,713.74,sand,medium,32.75,1.73,0,1,1
Aluminum,711.58,die,low,5.41,2.71,1,1,1
Cast Iron,1221.62,die,medium,39.92,1.08,0,1,1
Steel,1513.57,ceramic,medium,34.28,1.63,1,1,1
Steel,1497.74,die,low,14.57,0.74,1,1,0
Cast Iron,1349.9,die,medium,21.86,1.34,0,1,0
Cast Iron,1266.01,sand,low,5.35,1.77,1,1,0
Steel,1463.81,sand,medium,36.22,2.33,1,1,0
Steel,1527.87,ceramic,low,19.52,1.0,1,1,0
Steel,1457.49,ceramic,high,30.72,1.05,0,0,0
Steel,1493.3,die,low,48.05,2.08,1,1,0
Steel,1516.89,sand,low,18.48,1.46,1,1,0
Aluminum,703.43,ceramic,low,49.56,1.71,0,1,1
Cast Iron,1345.24,ceramic,medium,33.47,2.59,1,1,1
Aluminum,748.22,ceramic,high,15.89,1.75,0,0,1
Steel,1464.71,die,medium,24.66,2.13,1,1,0
Steel,1530.72,sand,medium,38.32,2.14,1,1,1
Steel,1572.57,ceramic,low,25.09,2.51,1,1,0
Aluminum,673.77,sand,medium,8.08,2.1,0,0,1
Aluminum,725.06,ceramic,low,12.59,0.66,0,1,1
Steel,1581.79,ceramic,high,40.61,1.36,0,0,0
Aluminum,716.25,sand,medium,34.18,2.97,0,0,1
Aluminum,682.77,sand,medium,30.64,0.99,0,0,1
Steel,1588.47,sand,medium,12.54,1.97,1,1,0
Aluminum,738.35,die,low,42.7,2.61,1,1,1
Cast Iron,1293.17,ceramic,low,48.23,1.97,1,1,1
Cast Iron,1222.73,die,medium,6.84,1.43,0,0,0
Cast Iron,1308.38,sand,medium,8.51,0.7,0,1,0
Cast Iron,1213.22,ceramic,high,44.81,1.4,0,0,1
Steel,1487.94,die,high,41.7,0.96,0,1,0
Steel,1527.25,ceramic,high,32.81,2.9,1,1,1
Steel,1599.57,die,high,47.52,2.29,1,1,0
Cast Iron,1310.86,sand,high,34.09,2.37,1,0,1
Cast Iron,1295.96,die,low,14.72,1.59,1,1,0
Aluminum,695.2,ceramic,high,37.79,0.77,0,0,1
Aluminum,681.2,ceramic,high,34.06,1.17,0,0,1
Cast Iron,1321.18,ceramic,medium,49.36,1.15,1,1,1
Cast Iron,1263.55,ceramic,low,14.63,1.72,1,1,0
Cast Iron,1312.65,sand,high,31.9,1.65,0,0,0
Cast Iron,1247.55,die,high,40.11,1.58,1,1,1
Aluminum,725.4,sand,high,20.25,1.74,0,0,1
Cast Iron,1323.55,sand,medium,22.09,2.97,1,1,0
Aluminum,689.14,sand,medium,44.96,1.25,0,1,1
Cast Iron,1152.71,ceramic,medium,23.19,2.04,0,1,0
Cast Iron,1200.99,ceramic,high,33.11,1.1,0,0,1
Cast Iron,1332.98,ceramic,medium,45.02,1.67,1,1,1
Aluminum,718.75,die,high,14.44,1.0,0,0,1
Aluminum,723.72,ceramic,low,49.18,1.9,0,1,1
Steel,1498.79,die,high,36.59,1.16,0,1,0
Cast Iron,1290.25,ceramic,medium,27.33,0.59,0,1,1
Steel,1546.94,ceramic,low,24.39,2.54,1,1,0
Steel,1476.76,sand,high,47.95,0.82,0,1,1
Aluminum,746.87,sand,low,14.26,1.42,0,1,1
Aluminum,685.4,sand,low,19.03,1.69,0,1,1
Steel,1499.39,die,low,18.85,1.58,1,1,0
Cast Iron,1223.83,die,high,18.01,2.31,1,0,0
Aluminum,659.17,ceramic,medium,26.08,1.99,0,0,1
Cast Iron,1274.99,die,high,49.51,1.24,0,1,1
Cast Iron,1197.72,ceramic,medium,45.0,0.63,0,1,1
Steel,1570.5,die,high,19.76,2.42,1,0,0
Steel,1509.12,die,high,24.03,1.38,0,0,0
Steel,1518.78,die,high,35.13,2.72,1,1,0
Steel,1546.96,sand,medium,5.77,1.49,1,1,0
Aluminum,726.19,die,high,41.91,2.29,0,0,1
Aluminum,673.11,sand,low,44.59,2.85,1,1,1
Steel,1594.94,sand,high,43.57,2.13,1,1,0
Aluminum,712.23,die,low,21.88,1.53,0,1,1
Steel,1450.85,ceramic,medium,25.79,1.92,1,1,1
Cast Iron,1233.12,ceramic,medium,5.56,1.86,1,1,0
Cast Iron,1237.36,ceramic,high,22.97,1.96,0,0,0
Cast Iron,1311.83,die,high,25.72,0.87,0,0,0
Steel,1495.77,ceramic,high,45.81,2.25,1,1,1
Cast Iron,1216.25,sand,low,45.23,0.86,1,1,1
Aluminum,657.05,ceramic,medium,48.47,0.54,0,1,1
Cast Iron,1206.71,die,low,44.83,2.06,1,1,1
Cast Iron,1293.39,ceramic,low,5.37,0.79,0,1,0
Cast Iron,1276.95,sand,high,33.87,2.43,1,1,1
Aluminum,658.14,die,high,8.07,2.66,0,0,0
Steel,1467.2,ceramic,low,17.27,2.86,1,1,0
Aluminum,687.69,die,low,31.02,2.16,1,1,1
Steel,1561.56,die,high,36.53,1.71,1,1,0
Steel,1574.94,die,high,34.46,1.38,1,1,0
Cast Iron,1152.92,ceramic,low,7.21,1.73,1,1,0
Steel,1499.35,die,high,9.66,0.98,0,0,0
Aluminum,692.43,ceramic,high,10.79,1.37,0,0,1
Aluminum,741.11,sand,low,9.11,2.29,1,1,1
Steel,1525.21,ceramic,low,13.02,1.04,1,1,0
Cast Iron,1203.94,sand,medium,35.98,1.16,1,1,1
Cast Iron,1228.01,ceramic,low,42.39,2.37,1,1,1
Aluminum,693.64,die,high,23.4,0.94,0,0,1
Cast Iron,1284.0,ceramic,low,36.18,1.11,1,1,1
Steel,1456.16,die,low,14.0,0.54,0,1,0
Steel,1508.42,sand,low,48.8,2.3,1,1,1
Aluminum,714.66,ceramic,medium,20.75,2.04,0,0,1
Steel,1492.5,die,medium,43.06,2.24,1,1,0
Aluminum,709.18,sand,high,47.54,1.04,0,0,1
Steel,1503.59,sand,medium,43.91,2.22,1,1,1
Aluminum,725.87,ceramic,low,8.02,1.99,1,1,1
Cast Iron,1162.12,sand,medium,34.26,1.42,0,1,1
Steel,1587.69,die,low,10.4,1.59,1,1,0
Steel,1475.74,sand,medium,5.25,1.92,1,1,0
Aluminum,665.85,sand,medium,7.33,1.73,0,0,1
Aluminum,734.06,die,medium,46.23,2.1,0,1,1
Steel,1580.39,sand,low,45.88,0.95,1,1,0
Aluminum,659.3,sand,medium,15.16,1.85,0,0,1
Steel,1586.31,sand,low,29.62,1.63,1,1,0
Cast Iron,1204.66,sand,low,47.98,1.65,1,1,1
Aluminum,711.86,die,high,27.35,1.67,0,0,1
Steel,1460.29,sand,medium,22.71,2.7,1,1,1
Cast Iron,1226.13,die,high,26.75,2.55,1,0,0
Cast Iron,1240.14,sand,high,40.56,2.07,1,1,1
Steel,1539.97,sand,low,26.48,2.29,1,1,0
Aluminum,702.53,sand,medium,40.25,0.61,0,1,1
Steel,1519.22,sand,low,24.43,2.36,1,1,0
Cast Iron,1341.93,die,low,16.34,1.72,1,1,0
Steel,1477.75,die,medium,19.69,1.29,1,1,0
Aluminum,665.8,die,low,8.5,0.85,0,1,0
Cast Iron,1292.68,ceramic,medium,27.38,0.69,0,1,0
Steel,1461.18,sand,medium,11.66,0.61,0,1,0
Aluminum,698.29,sand,low,41.52,0.9,0,1,1
Cast Iron,1246.81,die,low,23.93,0.58,1,1,0
Aluminum,681.0,ceramic,high,39.43,2.33,0,0,1
Cast Iron,1336.09,sand,low,47.95,1.12,1,1,1
Steel,1492.38,die,medium,43.23,1.42,1,1,0
Aluminum,678.84,sand,high,47.82,2.56,0,0,1
Cast Iron,1196.86,sand,medium,30.56,0.79,0,1,1
Aluminum,664.58,die,high,12.44,2.59,0,0,1
Aluminum,686.4,die,low,47.09,2.1,0,1,1
Steel,1552.13,sand,low,44.08,1.36,1,1,1
Aluminum,724.22,sand,low,43.9,0.79,0,1,1
Cast Iron,1312.68,die,medium,36.2,0.73,0,1,0
Cast Iron,1189.51,sand,high,33.12,1.34,0,1,1
Cast Iron,1157.13,sand,medium,5.66,0.85,0,0,0
Cast Iron,1344.94,die,high,38.66,1.17,0,1,0
Steel,1452.15,sand,low,9.12,0.63,1,1,0
Aluminum,746.07,sand,medium,16.69,1.99,0,0,1
Steel,1574.32,ceramic,low,29.82,0.86,1,1,0
Aluminum,741.21,die,medium,25.33,2.39,1,1,1
Aluminum,688.72,ceramic,low,5.71,1.05,0,1,1
Aluminum,669.72,ceramic,medium,42.08,2.49,0,0,1
Steel,1540.97,ceramic,medium,44.55,0.97,0,1,1
Aluminum,724.13,sand,high,35.68,2.3,0,0,1
Steel,1469.63,sand,low,29.35,1.33,1,1,0
Cast Iron,1309.52,ceramic,high,48.23,1.96,0,1,1
Cast Iron,1191.72,ceramic,high,10.4,0.6,0,0,0
Aluminum,699.17,ceramic,low,38.21,1.74,0,1,1
Steel,1578.47,sand,medium,10.78,0.87,1,1,0
Cast Iron,1188.68,ceramic,high,22.18,1.72,0,0,0
Steel,1486.28,ceramic,low,31.35,0.85,1,1,0
Steel,1459.42,die,medium,38.17,1.59,1,1,0
Aluminum,664.66,die,high,5.17,0.78,0,0,1
Cast Iron,1179.31,sand,high,16.73,1.05,0,0,0
Aluminum,670.34,die,high,29.22,1.99,0,0,1
Aluminum,678.62,die,medium,28.98,2.94,1,0,1
Cast Iron,1313.0,die,high,33.69,1.62,0,0,0
Cast Iron,1333.15,sand,medium,18.67,2.22,1,1,0
Steel,1510.94,die,high,29.32,1.85,1,1,0
Cast Iron,1175.64,sand,low,13.54,1.75,1,1,1
Steel,1483.57,ceramic,high,13.41,0.66,0,0,0
Steel,1560.43,die,low,30.95,0.86,1,1,0
Steel,1551.61,sand,low,35.85,2.71,1,1,0
Cast Iron,1343.44,die,low,10.42,1.53,1,1,0
Aluminum,651.45,ceramic,medium,10.53,2.04,0,0,1
Steel,1562.61,sand,low,30.44,1.82,1,1,0
Aluminum,700.58,sand,high,17.15,1.45,0,0,1
Aluminum,740.27,sand,medium,22.66,1.47,0,0,1
Cast Iron,1265.23,ceramic,low,23.03,1.89,1,1,0
Aluminum,694.67,ceramic,medium,13.03,0.85,0,0,1
Aluminum,716.59,ceramic,medium,5.06,1.47,0,0,0
Cast Iron,1316.7,sand,medium,43.39,1.62,1,1,1
Steel,1492.37,ceramic,high,37.18,2.96,1,1,1
Aluminum,660.75,die,low,36.07,1.38,0,1,1
Cast Iron,1236.6,ceramic,medium,29.59,2.11,1,1,1
Aluminum,671.45,sand,medium,36.54,0.84,0,1,1
Aluminum,692.95,die,medium,47.11,0.66,0,1,1
Steel,1598.66,ceramic,low,34.96,2.68,1,1,0
Aluminum,707.41,die,medium,16.93,2.33,0,0,1
Cast Iron,1288.72,die,medium,30.68,1.29,1,1,1
Aluminum,717.79,sand,high,24.9,1.76,0,0,1
Steel,1573.11,die,low,30.04,0.84,1,1,0
Steel,1591.62,die,high,28.29,2.27,1,1,0
Cast Iron,1281.76,sand,low,43.64,0.68,0,1,1
Steel,1521.41,sand,low,34.33,2.39,1,1,0
Aluminum,681.78,sand,low,13.49,1.87,0,1,1
Steel,1504.04,die,high,7.84,1.2,1,1,0
Cast Iron,1216.9,die,high,24.1,2.66,1,0,0
Steel,1498.67,die,high,5.7,2.97,1,0,0
Steel,1554.19,sand,high,19.32,1.14,1,1,0
Steel,1538.16,ceramic,medium,21.56,2.52,1,0,0
Cast Iron,1190.4,die,medium,21.9,2.38,1,1,0
Steel,1595.44,ceramic,medium,49.07,2.37,1,1,1
Steel,1514.16,sand,low,18.68,2.89,1,1,0
Aluminum,706.61,die,medium,16.94,1.72,0,0,1
Cast Iron,1290.52,ceramic,low,10.82,2.19,1,1,0
Steel,1542.05,die,high,28.0,2.56,1,1,0
Cast Iron,1212.21,die,low,11.92,1.7,1,1,0
Steel,1569.66,die,low,32.73,1.7,1,1,0
Steel,1466.52,ceramic,medium,11.98,1.3,1,1,0
Steel,1535.35,sand,high,30.95,2.45,1,1,0
Aluminum,677.33,die,high,42.18,2.22,0,0,1
Aluminum,711.58,sand,medium,6.91,1.63,0,0,1
Aluminum,671.8,sand,high,23.89,1.55,0,0,1
Cast Iron,1304.44,ceramic,high,25.75,0.68,0,0,0
Cast Iron,1195.51,ceramic,high,40.6,0.52,0,0,1
Aluminum,739.04,sand,medium,26.06,1.82,0,1,1
Cast Iron,1322.31,die,high,30.54,1.54,0,0,0
Steel,1504.36,ceramic,low,40.6,2.49,1,1,1
Steel,1507.87,die,low,30.19,1.86,1,1,0
Steel,1555.23,die,high,21.12,2.84,1,1,0
Aluminum,659.04,die,medium,8.86,0.99,0,0,0
Cast Iron,1166.18,sand,medium,37.85,2.98,1,1,1
Aluminum,663.63,die,medium,44.2,1.24,0,1,1
Cast Iron,1262.5,sand,high,48.65,2.11,0,1,1
Steel,1472.35,sand,high,46.7,1.75,1,1,1
Aluminum,677.76,die,low,40.88,1.4,0,1,1
Cast Iron,1279.38,die,medium,33.96,0.85,0,1,0
Cast Iron,1153.12,die,low,40.17,0.84,1,1,1
Steel,1477.04,die,low,24.44,2.28,1,1,0
Aluminum,742.99,sand,medium,31.76,1.44,0,1,1
Aluminum,716.36,die,high,20.69,2.9,0,0,1
Aluminum,680.56,die,high,19.7,1.31,0,0,1
Steel,1456.8,sand,low,39.05,2.96,1,1,1
Aluminum,708.6,ceramic,low,25.43,1.01,0,1,1
Steel,1483.43,ceramic,low,14.55,0.76,1,1,0
Steel,1594.03,sand,low,14.09,1.28,1,1,0
Steel,1553.04,ceramic,medium,43.66,2.71,1,1,1
Cast Iron,1344.82,sand,low,35.5,1.8,1,1,1
Aluminum,734.89,die,low,29.57,0.84,0,1,1
Aluminum,698.3,die,high,23.04,1.01,0,0,1
Steel,1550.43,ceramic,high,24.39,1.28,1,1,0
Steel,1571.82,die,high,7.58,1.98,1,0,0
Aluminum,707.82,ceramic,medium,25.47,1.33,0,1,1
Steel,1459.22,ceramic,medium,40.8,2.37,1,1,1
Aluminum,697.04,die,high,22.46,2.04,0,0,1
Cast Iron,1176.11,die,high,22.26,2.68,1,0,0
Steel,1557.23,ceramic,low,5.71,1.75,1,1,0
Aluminum,718.06,die,low,25.6,1.33,0,1,1
Steel,1598.94,sand,medium,6.14,2.99,1,1,0
Aluminum,712.88,die,medium,30.67,1.39,0,0,1
Aluminum,730.01,die,low,27.81,1.57,0,1,1
Steel,1490.24,sand,high,42.8,2.52,1,1,1
Cast Iron,1218.0,die,low,31.18,0.72,0,1,0
Aluminum,741.7,die,medium,19.55,1.47,0,0,1
Aluminum,725.52,ceramic,medium,28.23,0.71,0,1,1
Aluminum,715.53,die,low,36.49,0.85,0,1,1
Cast Iron,1200.81,die,low,9.23,0.51,0,1,0
Cast Iron,1289.72,sand,low,32.95,0.52,1,1,1
Steel,1583.01,ceramic,medium,46.25,1.45,1,1,0
Cast Iron,1196.16,ceramic,high,18.46,2.52,1,0,1
Steel,1555.92,ceramic,low,33.2,1.97,1,1,0
Steel,1509.05,die,medium,41.96,2.09,1,1,0
Cast Iron,1173.75,ceramic,medium,28.03,1.8,1,1,1
Steel,1564.52,sand,medium,37.31,2.55,1,1,1
Cast Iron,1183.43,ceramic,low,19.0,2.7,1,1,1
Steel,1487.93,sand,low,18.77,2.62,1,1,0
Cast Iron,1306.59,ceramic,high,35.04,2.53,1,1,1
Cast Iron,1298.43,ceramic,medium,36.74,0.96,0,1,1
Steel,1488.13,sand,low,47.17,1.98,1,1,1
Aluminum,744.1,ceramic,medium,15.12,1.96,0,0,1
Steel,1482.29,ceramic,medium,26.07,1.82,1,1,0
Cast Iron,1348.72,ceramic,high,16.27,1.7,1,0,0
Aluminum,723.79,die,low,8.6,0.72,0,1,0
Steel,1508.88,sand,low,23.15,0.76,1,1,0
Steel,1469.55,ceramic,medium,21.83,2.76,1,1,0
Steel,1498.08,sand,medium,17.17,2.08,1,1,0
Aluminum,669.37,sand,high,18.36,1.16,0,0,1
Cast Iron,1274.37,sand,high,21.22,1.2,0,1,1
Steel,1503.53,ceramic,high,49.5,2.03,1,1,1
Steel,1494.25,ceramic,high,40.23,1.52,1,1,1
Steel,1563.57,sand,high,8.21,1.6,1,1,0
Steel,1484.59,die,high,44.26,0.65,0,1,0
Steel,1538.03,sand,medium,33.5,0.85,1,1,0
Cast Iron,1188.92,die,high,45.08,1.48,0,1,1
Cast Iron,1292.96,sand,medium,20.38,2.25,1,1,0
Steel,1543.77,sand,medium,25.9,0.62,0,1,0
Aluminum,729.82,sand,low,45.33,1.34,0,1,1
Cast Iron,1163.7,ceramic,medium,17.27,2.24,1,1,0
Aluminum,671.01,die,medium,46.2,2.48,0,1,1
Cast Iron,1180.89,die,high,42.28,0.98,0,0,1
Steel,1478.58,sand,medium,49.13,2.33,1,1,1
Cast Iron,1170.6,ceramic,high,19.59,2.89,1,0,0
Steel,1534.31,ceramic,high,15.61,2.77,1,0,0
Cast Iron,1268.69,die,high,19.89,2.47,1,0,0
Steel,1576.52,ceramic,low,47.96,2.28,1,1,1
Steel,1512.66,die,high,19.99,1.09,1,1,0
Steel,1529.86,die,medium,30.43,2.08,1,1,0
Steel,1598.7,die,high,23.17,2.11,1,0,0
Aluminum,703.18,ceramic,high,22.83,1.52,0,0,1
Steel,1536.04,die,high,13.7,1.73,1,0,0
Aluminum,749.59,die,low,29.17,2.24,0,1,0
Aluminum,749.41,sand,medium,43.22,2.88,1,1,1
Steel,1513.6,die,low,7.23,1.24,1,1,0
Aluminum,713.49,die,medium,45.02,1.12,0,1,1
Cast Iron,1246.16,sand,low,34.95,2.0,1,1,1
Steel,1558.11,sand,medium,32.75,0.83,1,1,0
Aluminum,743.84,ceramic,low,33.17,1.96,1,1,1
Steel,1496.45,die,high,18.33,0.72,0,0,0
Steel,1572.83,ceramic,low,23.68,1.73,1,1,0
Steel,1548.23,ceramic,low,40.97,2.05,1,1,1
Aluminum,678.02,sand,high,18.79,0.68,0,0,1
Cast Iron,1309.46,ceramic,high,26.15,1.02,0,0,0
Cast Iron,1235.43,die,medium,5.88,1.34,0,1,0
Aluminum,662.04,sand,medium,38.01,1.42,0,1,1
Steel,1599.01,die,medium,23.8,2.19,1,1,0
Aluminum,692.56,die,low,28.64,1.82,0,1,1
Aluminum,704.16,sand,medium,10.16,1.46,0,0,0
Aluminum,730.8,die,low,49.63,1.63,0,1,1
Steel,1594.13,sand,low,18.61,0.53,1,1,0
Aluminum,737.29,die,medium,33.57,2.43,0,0,1
Steel,1528.76,sand,medium,31.16,0.6,1,1,1
Aluminum,704.57,ceramic,low,40.33,2.57,1,1,1
Cast Iron,1206.18,die,high,18.22,1.85,0,0,0
Aluminum,696.28,sand,high,39.02,1.82,0,0,1
Aluminum,744.68,die,low,22.21,2.26,1,1,1
Cast Iron,1295.39,die,medium,23.5,2.65,1,1,0
Steel,1451.78,die,low,35.27,2.86,1,1,0
Steel,1467.48,sand,low,40.29,1.86,1,1,1
Aluminum,742.38,ceramic,medium,35.01,0.88,0,0,1
Cast Iron,1319.74,ceramic,high,45.49,2.7,1,0,1
Steel,1522.92,ceramic,low,17.83,0.6,1,1,0
Aluminum,711.7,sand,high,45.53,2.52,0,0,1
Cast Iron,1207.93,ceramic,high,10.89,2.2,1,0,0
Steel,1568.92,sand,medium,34.68,2.76,1,1,0
Steel,1540.5,die,low,29.64,2.74,1,1,0
Cast Iron,1288.97,die,low,27.26,0.63,1,1,0
Cast Iron,1224.98,ceramic,high,18.99,2.02,0,0,0
Cast Iron,1236.09,sand,high,27.67,0.81,0,0,1
Cast Iron,1191.54,die,medium,12.28,0.7,0,1,0
Aluminum,744.81,sand,high,21.62,1.62,0,0,1
Cast Iron,1339.31,sand,medium,9.44,0.74,0,1,0
Steel,1572.66,die,low,30.73,2.32,1,1,0
Steel,1590.33,sand,medium,9.31,2.92,1,1,0
Aluminum,716.53,die,high,12.22,1.92,0,0,1
Steel,1485.2,die,low,8.85,1.09,1,1,0
Steel,1564.03,die,medium,22.16,2.61,1,1,0
Cast Iron,1215.06,sand,low,42.89,2.63,1,1,1
Steel,1516.07,die,medium,45.81,2.33,1,1,1
Aluminum,677.44,sand,high,8.24,2.04,0,0,1
Cast Iron,1234.72,die,high,33.55,2.67,1,0,0
Cast Iron,1285.86,die,low,35.8,0.91,1,1,1
Aluminum,661.06,ceramic,low,29.02,2.83,1,1,1
Cast Iron,1171.04,ceramic,low,35.01,2.87,1,1,1
Cast Iron,1286.75,ceramic,medium,15.52,2.68,1,1,0
Aluminum,727.96,sand,high,27.03,1.13,0,0,1
Cast Iron,1260.29,sand,low,22.59,2.65,1,1,1
Aluminum,668.16,die,low,9.04,1.74,0,1,0
Aluminum,693.08,die,low,33.15,1.99,0,1,1
Steel,1563.73,die,medium,27.28,2.6,1,1,0
Steel,1552.86,die,low,17.38,0.57,1,1,0
Cast Iron,1171.97,sand,low,26.32,1.41,1,1,1
Cast Iron,1343.83,die,medium,39.89,2.54,1,1,1
Aluminum,672.34,die,medium,41.07,2.53,0,1,1
Cast Iron,1194.08,ceramic,low,34.23,2.62,1,1,1
Aluminum,695.99,die,low,26.05,0.92,0,1,1
Aluminum,682.72,die,medium,30.91,2.26,1,1,1
Cast Iron,1346.8,die,high,22.33,0.87,0,0,0
Aluminum,657.65,sand,medium,10.7,2.46,0,0,1
Steel,1495.97,ceramic,high,22.35,1.11,0,0,0
Cast Iron,1226.54,die,low,28.86,2.34,1,1,0
Steel,1524.02,die,low,31.95,1.64,1,1,0
Cast Iron,1153.28,ceramic,high,47.11,2.97,1,1,1
Aluminum,658.24,die,medium,39.98,1.95,0,0,1
Cast Iron,1201.56,sand,low,11.84,2.08,1,1,0
Steel,1533.1,die,high,12.84,1.42,1,1,0
Aluminum,726.78,sand,medium,9.52,2.34,0,0,0
Cast Iron,1287.3,sand,high,38.22,1.74,0,1,1
Cast Iron,1263.4,die,medium,36.78,0.55,0,1,1
Cast Iron,1229.45,ceramic,medium,49.39,2.02,1,1,1
Steel,1580.6,sand,medium,28.49,2.58,1,1,0
Steel,1518.97,ceramic,medium,42.19,1.09,1,1,1
Cast Iron,1209.85,die,high,30.94,1.05,0,0,0
Aluminum,712.93,sand,high,44.33,2.02,0,0,1
Aluminum,719.21,die,high,37.45,2.54,0,0,1
Steel,1509.77,ceramic,high,33.93,1.12,0,1,0
Aluminum,652.81,die,high,30.43,2.83,0,0,1
Steel,1464.12,die,medium,37.53,2.82,1,1,0
Cast Iron,1319.12,sand,low,23.88,1.0,1,1,1
Steel,1458.48,die,low,9.35,1.16,1,1,0
Steel,1538.8,die,high,6.8,2.25,1,0,0
Cast Iron,1186.74,die,high,26.56,2.88,0,0,0
Aluminum,672.89,sand,low,31.97,2.27,1,1,1
Steel,1491.0,ceramic,medium,8.55,1.61,1,1,0
Steel,1455.74,ceramic,high,17.91,0.92,0,0,0
Cast Iron,1185.45,die,medium,19.49,1.65,1,1,0
Aluminum,715.05,sand,low,30.33,2.02,1,1,1
Steel,1524.81,die,low,17.53,1.33,1,1,0
Cast Iron,1309.47,ceramic,high,9.3,1.78,0,0,0
Steel,1459.19,sand,medium,12.42,0.83,0,1,0
Cast Iron,1327.78,ceramic,high,12.83,1.63,0,0,0
Aluminum,749.64,ceramic,low,42.92,0.73,0,1,1
Aluminum,651.57,sand,medium,17.79,0.62,0,0,1
Aluminum,746.76,sand,high,37.16,2.64,0,0,1
Aluminum,673.59,die,high,30.55,1.01,0,0,1
Steel,1553.88,die,high,48.97,1.94,0,1,0
Steel,1493.87,ceramic,low,17.28,0.87,1,1,0
Aluminum,702.18,sand,high,12.13,1.16,0,0,1
Aluminum,701.04,sand,medium,7.34,1.4,0,0,1
Aluminum,686.11,die,high,15.84,0.86,0,0,1
Steel,1557.63,ceramic,low,35.78,0.61,1,1,0
Aluminum,709.96,ceramic,high,8.84,2.69,0,0,1
Aluminum,700.83,die,low,16.01,0.53,0,1,1
Aluminum,748.28,sand,low,43.49,0.65,0,1,1
Cast Iron,1338.0,die,medium,31.23,2.51,1,1,0
Aluminum,745.54,die,medium,8.13,1.21,0,0,1
Cast Iron,1326.26,die,high,7.15,2.31,1,0,0
Cast Iron,1201.03,die,low,7.75,0.87,0,1,0
Aluminum,685.0,sand,low,47.38,1.09,0,1,1
Cast Iron,1196.21,die,medium,43.24,1.93,1,1,1
Aluminum,748.62,sand,medium,43.02,2.97,0,1,1
Steel,1472.9,die,high,46.59,0.68,0,1,0
Steel,1504.98,ceramic,low,27.74,1.5,1,1,0
Steel,1479.86,sand,medium,16.13,0.61,1,1,0
Steel,1483.52,ceramic,high,23.06,1.0,0,0,0
Cast Iron,1199.42,die,low,37.35,2.77,1,1,1
Aluminum,713.97,die,low,44.42,0.74,0,1,1
Aluminum,657.6,die,medium,24.58,2.64,0,0,1
Aluminum,707.25,sand,high,29.09,0.94,0,0,1
Steel,1572.89,ceramic,medium,46.93,2.65,1,1,1
Steel,1564.98,sand,high,9.84,1.85,1,0,0
Aluminum,665.12,sand,low,43.8,2.7,1,1,1
Steel,1587.21,die,high,12.17,0.88,1,1,0
Aluminum,727.01,ceramic,high,26.77,2.41,0,0,1
Aluminum,650.53,die,high,14.83,2.2,0,0,1
Aluminum,723.74,sand,high,32.13,1.86,0,0,1
Aluminum,723.74,die,high,30.14,2.53,0,0,1
Aluminum,699.68,ceramic,medium,22.1,2.12,0,0,1
Aluminum,654.6,die,high,43.85,2.69,0,0,1
Aluminum,707.99,ceramic,high,34.69,1.45,0,0,1
Steel,1564.86,ceramic,low,37.45,1.97,1,1,0
Aluminum,677.09,die,high,11.78,2.68,0,0,1
Aluminum,716.71,sand,low,44.74,1.04,0,1,1
Steel,1503.09,die,medium,12.52,1.71,1,1,0
Steel,1536.08,sand,medium,15.03,2.9,1,1,0
Steel,1507.68,sand,high,10.76,1.68,0,0,0
Aluminum,680.38,die,medium,24.82,1.13,0,0,1
Cast Iron,1321.18,sand,high,44.95,1.38,1,1,1
Cast Iron,1300.77,sand,medium,16.36,2.71,1,1,0
Steel,1501.82,die,high,21.82,2.89,1,0,0
Cast Iron,1236.93,die,high,43.07,2.88,1,0,0
Steel,1553.76,die,low,32.8,2.25,1,1,0
Aluminum,731.11,sand,low,38.82,1.77,0,1,1
Cast Iron,1286.87,ceramic,low,14.63,0.96,1,1,0
Aluminum,704.09,sand,low,37.24,0.81,0,1,1
Cast Iron,1340.88,ceramic,high,15.24,0.65,0,0,0
Aluminum,727.41,die,medium,49.43,0.54,0,1,1
Cast Iron,1173.12,ceramic,high,30.19,2.7,0,0,0
Aluminum,705.81,die,low,36.3,2.52,1,1,1
Aluminum,690.96,die,low,10.33,1.92,1,1,1
Cast Iron,1308.99,ceramic,medium,16.28,3.0,1,1,1
Aluminum,654.47,die,low,11.29,2.88,1,1,1
Aluminum,691.07,ceramic,high,22.56,2.14,0,0,1
Aluminum,681.83,die,high,17.79,1.66,0,0,0
Cast Iron,1178.24,sand,high,37.98,0.88,0,1,1
Cast Iron,1225.76,sand,high,9.89,1.79,0,0,0
Aluminum,717.28,die,high,38.84,0.89,0,0,1
Aluminum,686.17,die,medium,7.06,1.5,0,0,0
Cast Iron,1266.0,ceramic,high,14.09,2.86,1,0,0
Cast Iron,1268.56,sand,low,40.64,1.35,1,1,1
Aluminum,708.71,ceramic,low,38.42,0.88,0,1,1
Aluminum,702.95,die,low,26.43,1.96,0,1,1
Aluminum,661.7,die,low,7.25,2.01,0,0,0
Steel,1482.77,ceramic,medium,32.45,0.98,0,1,0
Cast Iron,1310.01,die,low,23.3,0.99,0,1,0
Steel,1525.35,sand,medium,19.24,2.97,1,1,0
Cast Iron,1291.22,ceramic,low,33.82,1.11,1,1,1
Cast Iron,1263.98,sand,medium,24.65,2.6,1,1,0
Cast Iron,1157.74,sand,medium,9.16,1.68,1,1,0
Cast Iron,1309.24,sand,medium,46.22,1.59,1,1,1
Cast Iron,1162.86,ceramic,low,40.03,1.24,1,1,1
Cast Iron,1338.63,die,medium,7.54,2.43,1,1,0
Cast Iron,1193.08,sand,high,28.63,2.7,1,0,1
Steel,1526.86,sand,high,8.75,1.15,0,0,0
Aluminum,656.36,sand,low,42.68,0.74,0,1,1
Aluminum,739.49,die,high,32.59,0.84,0,0,1
Steel,1596.99,die,high,12.76,2.48,1,0,0
Steel,1471.94,ceramic,high,5.93,1.59,1,0,0
Steel,1494.37,die,low,6.42,0.83,1,1,0
Steel,1452.38,ceramic,low,27.83,1.35,1,1,0
Cast Iron,1307.39,ceramic,high,38.05,1.79,0,0,1
Aluminum,681.15,ceramic,low,10.44,2.63,1,1,1
Cast Iron,1267.77,ceramic,medium,14.96,2.1,1,0,0
Aluminum,653.92,ceramic,high,19.73,0.94,0,0,1
Aluminum,721.55,sand,low,14.81,0.9,0,1,1
Steel,1529.41,die,low,22.61,1.53,1,1,0
Cast Iron,1295.0,sand,high,30.18,0.69,0,1,1
Steel,1568.43,ceramic,low,35.82,2.39,1,1,0
Cast Iron,1167.85,die,high,48.37,1.5,0,1,1
Aluminum,707.81,sand,low,46.89,1.36,0,1,1
Steel,1547.49,sand,medium,30.66,1.77,1,1,1
Steel,1527.51,ceramic,high,38.04,2.27,1,1,1
Aluminum,668.24,sand,medium,47.79,1.92,0,1,1
Aluminum,729.56,sand,high,8.76,2.51,0,0,1
Aluminum,749.75,sand,low,5.25,2.07,0,1,0
Steel,1595.39,sand,medium,6.34,2.47,1,1,0
Cast Iron,1305.51,sand,low,30.35,2.24,1,1,1
Steel,1512.72,ceramic,high,39.33,0.98,0,1,1
Cast Iron,1217.46,ceramic,high,21.52,0.63,0,0,1
Steel,1460.28,sand,high,29.54,2.76,1,1,1
Steel,1512.44,ceramic,high,28.24,2.86,1,0,0
Aluminum,665.6,ceramic,high,9.26,2.32,0,0,1
Cast Iron,1200.87,die,medium,19.47,2.31,1,1,0
Steel,1583.78,sand,high,5.87,1.18,1,1,0
Steel,1595.28,ceramic,low,9.98,1.86,1,1,0
Aluminum,744.86,ceramic,medium,41.53,2.98,0,1,1
Aluminum,669.34,sand,low,42.32,2.64,0,1,1
Cast Iron,1330.18,die,high,41.09,1.26,0,0,0
Steel,1471.23,sand,low,37.71,1.25,1,1,1
Cast Iron,1251.53,die,medium,40.7,1.71,1,1,1
Steel,1546.55,sand,medium,35.19,1.51,1,1,0
Cast Iron,1242.49,sand,medium,35.14,1.43,0,1,1
Aluminum,745.18,sand,low,35.03,2.07,1,1,1
Steel,1499.98,sand,medium,28.13,0.53,0,1,0
Cast Iron,1255.48,die,low,21.35,2.41,1,1,0
Aluminum,657.54,die,high,37.86,2.35,0,0,1
Aluminum,735.22,ceramic,high,18.44,2.58,0,0,1
Cast Iron,1232.67,sand,low,29.43,2.6,1,1,1
Steel,1555.08,die,medium,24.5,1.92,1,1,0
Steel,1552.34,die,low,17.45,2.45,1,1,0
Aluminum,717.63,die,low,48.86,1.73,0,1,1
Steel,1526.04,sand,low,16.64,2.88,1,1,0
Steel,1491.63,ceramic,high,18.92,0.98,0,0,0
Steel,1543.76,die,low,12.27,2.79,1,1,0
Aluminum,746.18,sand,high,42.03,1.15,0,0,1
Cast Iron,1316.79,die,low,31.4,0.76,1,1,0
Steel,1466.32,die,high,32.59,1.6,0,0,0
Aluminum,652.32,ceramic,low,41.93,2.04,1,1,1
Aluminum,699.9,die,low,20.43,1.08,0,1,1
Cast Iron,1305.17,die,medium,13.71,1.89,1,1,0
Steel,1497.09,sand,medium,13.93,2.52,1,1,0
Steel,1555.19,sand,low,37.97,1.14,1,1,0
Cast Iron,1336.38,ceramic,low,32.64,1.95,1,1,1
Cast Iron,1241.8,sand,low,14.29,1.35,1,1,0
Aluminum,674.42,sand,low,11.53,1.82,1,1,1
Aluminum,741.78,ceramic,medium,10.43,2.17,0,0,1
Cast Iron,1244.45,die,high,33.25,1.38,0,1,1
Steel,1511.18,ceramic,low,5.01,2.99,1,1,0
Aluminum,685.34,sand,medium,5.82,1.91,0,0,1
Aluminum,692.3,ceramic,low,22.53,2.56,1,1,1
Steel,1551.05,die,low,36.11,2.31,1,1,0
Aluminum,693.37,ceramic,high,36.28,2.63,0,0,1
Steel,1498.63,sand,low,24.36,0.93,1,1,0
Steel,1561.55,sand,low,36.1,1.06,1,1,0
Steel,1480.45,ceramic,high,28.45,1.72,0,0,0
Cast Iron,1190.39,die,high,48.96,2.63,1,1,1
Cast Iron,1289.29,ceramic,high,12.31,0.99,0,0,0
Cast Iron,1323.34,die,high,32.03,2.93,1,0,0
Steel,1486.18,die,medium,27.11,0.82,1,1,0
Steel,1478.67,ceramic,medium,13.75,0.94,0,1,0
Cast Iron,1284.06,die,medium,38.75,0.92,1,1,1
Aluminum,712.08,sand,low,17.4,1.97,0,1,1
Steel,1517.09,ceramic,high,22.18,2.79,1,1,0
Aluminum,659.59,die,high,21.87,1.14,0,0,1
Aluminum,659.18,sand,medium,15.99,1.88,0,0,1
Steel,1566.6,ceramic,low,24.38,0.94,1,1,0
Steel,1517.77,sand,low,26.3,2.08,1,1,0
Aluminum,735.8,sand,low,38.49,0.81,0,1,1
Aluminum,707.47,sand,medium,39.43,1.73,0,1,1
Cast Iron,1273.75,die,low,12.14,2.14,1,1,0
Cast Iron,1336.84,ceramic,low,31.67,1.95,1,1,0
Steel,1474.69,ceramic,low,45.33,0.85,1,1,1
Cast Iron,1258.6,die,high,9.9,0.9,0,0,0
Cast Iron,1161.63,ceramic,medium,26.28,2.18,1,1,1
Cast Iron,1221.79,sand,high,38.77,2.52,1,1,1
Cast Iron,1179.62,ceramic,high,32.52,2.77,0,0,1
Aluminum,668.78,die,medium,9.53,2.53,0,0,0
Steel,1590.22,sand,high,22.85,2.93,1,1,0
Cast Iron,1272.14,die,low,27.83,1.52,1,1,0
Aluminum,739.22,sand,low,49.81,1.33,0,1,1
Aluminum,694.35,sand,low,13.04,0.57,0,1,1
Aluminum,709.76,ceramic,low,49.21,1.62,0,1,1
Cast Iron,1156.42,sand,medium,21.93,2.13,0,1,0
Cast Iron,1243.9,die,high,14.01,2.54,0,0,0
Steel,1534.61,ceramic,high,23.63,1.17,0,1,0
Cast Iron,1153.36,die,low,32.63,1.78,1,1,0
Cast Iron,1307.9,sand,low,14.61,2.16,1,1,0
Aluminum,679.54,die,high,18.11,1.88,0,0,1
Steel,1517.87,die,medium,43.45,1.19,1,1,0
Cast Iron,1257.13,sand,high,49.96,2.49,1,1,1
Cast Iron,1348.44,ceramic,low,19.32,0.93,1,1,0
Aluminum,659.92,die,low,11.7,2.76,1,1,0
Aluminum,705.53,sand,medium,40.69,2.88,0,0,1
Cast Iron,1256.12,ceramic,high,32.02,1.41,0,0,0
Steel,1460.34,ceramic,medium,9.52,1.44,1,1,0
Steel,1545.09,ceramic,medium,47.6,2.36,1,1,1
Aluminum,678.69,die,low,8.51,1.64,1,1,1
Aluminum,660.38,die,high,33.14,0.57,0,0,1
Cast Iron,1185.73,die,low,24.08,2.8,1,1,0
Aluminum,732.36,ceramic,high,30.05,1.58,0,0,1
Cast Iron,1170.82,die,low,14.59,1.01,1,1,0
Steel,1520.04,sand,low,35.96,1.89,1,1,0
Steel,1479.29,die,high,48.19,1.05,0,1,1
Cast Iron,1182.46,die,high,25.63,1.02,0,0,0
Aluminum,670.57,ceramic,low,28.53,1.86,0,1,1
Steel,1523.92,die,high,15.79,1.48,1,1,0
Aluminum,673.78,sand,low,45.13,1.93,0,1,1
Steel,1464.51,ceramic,high,48.7,2.99,1,1,1
Cast Iron,1310.28,sand,low,40.38,2.65,1,1,1
Cast Iron,1257.96,ceramic,low,29.42,0.52,1,1,1
Cast Iron,1181.37,ceramic,low,48.06,0.63,0,1,1
Steel,1520.71,die,medium,11.92,2.03,1,1,0
Aluminum,656.84,sand,high,26.53,2.07,0,0,1
Aluminum,708.04,ceramic,low,29.19,2.7,1,1,1
Aluminum,684.03,die,medium,27.14,2.07,0,1,1
Steel,1465.53,ceramic,low,41.11,1.07,1,1,0
Steel,1477.55,ceramic,medium,35.17,1.67,1,1,0
Steel,1501.86,ceramic,low,10.7,2.52,1,1,0
Steel,1570.96,ceramic,low,20.59,2.81,1,1,0
Steel,1476.06,ceramic,medium,20.26,1.09,0,1,0
Aluminum,660.97,ceramic,medium,30.45,1.85,0,0,1
Steel,1527.39,die,high,18.12,0.9,0,0,0
Steel,1533.8,ceramic,high,10.28,1.74,1,1,0
Aluminum,659.02,sand,medium,34.42,0.73,0,1,1
Steel,1492.67,die,high,43.3,2.85,1,1,0
Aluminum,676.28,sand,medium,46.92,2.1,0,0,1
Aluminum,668.62,ceramic,high,48.77,2.64,0,0,1
Cast Iron,1213.13,sand,low,40.15,3.0,1,1,1
Cast Iron,1157.42,ceramic,high,11.29,0.96,0,0,0
Cast Iron,1280.31,ceramic,low,43.39,2.24,1,1,1
Cast Iron,1347.7,die,low,23.0,2.72,1,1,0
Steel,1545.11,die,high,37.85,1.94,1,1,0
Cast Iron,1222.22,ceramic,medium,28.91,2.1,1,1,1
Aluminum,716.79,die,low,42.29,1.52,0,1,1
Steel,1535.73,sand,low,24.15,2.19,1,1,0
Cast Iron,1319.35,die,high,7.78,1.49,0,0,0
Aluminum,712.19,die,medium,30.06,1.69,0,0,1
Steel,1545.11,sand,medium,12.71,0.76,1,1,0
Steel,1483.25,die,high,48.45,0.52,0,1,1
Cast Iron,1233.13,ceramic,medium,28.71,0.64,0,1,1
Steel,1501.66,sand,high,29.91,0.98,0,0,0
Aluminum,651.14,ceramic,high,45.83,1.64,0,0,1
Steel,1496.99,sand,high,33.11,0.55,0,1,0
Aluminum,698.61,ceramic,low,18.62,0.89,0,1,1
Steel,1539.98,ceramic,low,18.32,2.45,1,1,0
Cast Iron,1336.91,die,low,27.57,2.41,1,1,0
Aluminum,673.91,ceramic,high,44.0,2.47,0,0,1
Steel,1472.86,die,low,40.76,2.8,1,1,0
Steel,1580.42,sand,low,48.32,0.8,1,1,1
Steel,1591.28,ceramic,low,8.23,0.91,1,1,0
Aluminum,698.8,ceramic,high,17.07,1.33,0,0,1
Aluminum,661.52,sand,high,8.61,2.79,0,0,1
Aluminum,698.54,sand,high,38.8,2.44,0,0,1
Cast Iron,1171.89,ceramic,low,11.34,1.31,1,1,0
Cast Iron,1326.64,sand,medium,9.49,0.72,0,0,0
Aluminum,720.82,die,low,30.28,2.04,0,1,1
Steel,1486.17,sand,low,23.52,1.14,1,1,0
Cast Iron,1327.34,sand,high,37.18,1.83,0,0,1
Aluminum,713.79,ceramic,high,26.92,2.85,0,0,1
Steel,1592.99,die,low,24.14,1.93,1,1,0
Cast Iron,1346.1,sand,low,24.15,2.81,1,1,0
Steel,1450.49,die,medium,44.23,1.48,1,1,0
Steel,1468.03,die,medium,22.79,2.08,1,1,0
Steel,1532.04,die,high,20.0,2.73,1,0,0
Steel,1593.38,ceramic,medium,20.23,1.97,1,1,0
Cast Iron,1348.85,sand,medium,13.85,2.04,1,1,0
Cast Iron,1263.48,ceramic,high,43.73,2.29,1,1,1
Cast Iron,1184.76,sand,medium,11.6,2.71,1,1,0
Aluminum,666.31,sand,low,45.89,0.72,0,1,1
Cast Iron,1302.77,ceramic,medium,17.76,1.34,0,1,0
Steel,1538.79,die,high,45.47,1.49,1,1,0
Cast Iron,1259.75,die,low,40.59,2.77,1,1,0
Steel,1519.86,sand,medium,31.19,2.89,1,1,0
Aluminum,722.51,ceramic,low,35.13,0.8,0,1,1
Steel,1578.71,die,low,19.66,0.8,1,1,0
Steel,1495.44,die,medium,30.84,2.84,1,1,0
Steel,1483.14,sand,medium,18.16,1.24,1,1,0
Aluminum,717.02,sand,high,23.1,1.1,0,0,1
Cast Iron,1332.95,ceramic,high,39.41,0.59,0,1,1
Cast Iron,1219.63,sand,low,15.98,1.19,1,1,0
Aluminum,677.24,die,high,42.75,2.23,0,0,1
Steel,1483.92,die,low,21.91,1.57,1,1,0
Cast Iron,1200.9,die,low,28.95,1.79,1,1,0
Aluminum,663.49,die,high,47.39,2.79,0,0,1
Cast Iron,1269.36,ceramic,high,35.66,0.79,0,0,1
Aluminum,678.08,ceramic,high,34.05,0.68,0,0,1
Steel,1542.24,sand,medium,37.02,2.63,1,1,0
Cast Iron,1166.61,sand,low,46.32,2.44,1,1,1
Aluminum,661.55,sand,low,16.18,1.16,0,0,1
Cast Iron,1257.23,ceramic,low,32.6,1.31,1,1,1
Cast Iron,1252.31,die,high,23.02,1.28,0,0,0
Cast Iron,1204.3,sand,high,5.53,2.12,1,0,0
Cast Iron,1315.43,die,high,10.64,0.65,0,0,0
Aluminum,668.7,sand,high,19.62,1.72,0,0,1
Steel,1504.1,sand,high,30.42,0.83,0,1,0
Aluminum,705.55,sand,medium,44.67,2.55,0,1,1
Aluminum,736.72,sand,high,40.6,1.45,0,0,1
Aluminum,691.86,sand,low,29.9,1.82,0,1,1
Steel,1509.79,die,high,8.32,0.57,0,0,0
Cast Iron,1265.91,sand,low,17.87,0.65,0,1,0
Cast Iron,1213.34,die,high,21.5,2.19,1,0,0
Cast Iron,1291.83,ceramic,high,32.98,2.42,1,1,1
Steel,1487.3,sand,low,7.92,2.28,1,1,0
Cast Iron,1314.64,die,low,28.86,2.34,1,1,1
Steel,1490.85,ceramic,low,45.57,0.76,1,1,1
Cast Iron,1348.54,ceramic,low,36.74,2.23,1,1,1
Cast Iron,1213.29,ceramic,medium,40.87,0.95,0,1,1
Aluminum,737.88,die,low,35.68,0.75,0,1,1
Steel,1509.6,sand,high,14.3,2.39,1,0,0
Aluminum,674.61,sand,high,9.97,2.72,0,0,1
Aluminum,672.62,die,medium,42.33,2.29,0,1,1
Aluminum,735.02,sand,low,36.3,2.51,1,1,1
Steel,1496.31,die,high,30.88,2.98,1,1,0
Steel,1500.78,sand,medium,13.52,0.84,0,1,0
Cast Iron,1189.4,ceramic,high,32.15,2.91,1,0,1
Aluminum,746.13,sand,medium,6.41,2.0,0,0,1
Cast Iron,1198.95,die,medium,10.35,2.53,1,1,0
Aluminum,674.74,die,low,19.04,2.13,1,1,1
Steel,1591.58,ceramic,medium,24.97,1.93,1,1,0
Steel,1585.13,die,high,10.43,2.26,1,1,0
Steel,1487.34,sand,high,10.4,1.3,0,0,0
Aluminum,736.47,sand,low,37.67,2.81,1,1,1
Steel,1487.47,ceramic,low,30.64,0.79,1,1,0
Aluminum,658.45,die,medium,29.02,1.3,0,0,1
Cast Iron,1314.07,ceramic,low,25.36,0.58,1,1,0
Aluminum,727.16,sand,high,48.94,1.18,0,0,1
Cast Iron,1208.93,ceramic,high,7.24,1.05,0,0,0
Aluminum,659.01,die,low,13.13,0.62,0,1,0
Cast Iron,1191.29,ceramic,low,34.14,1.73,1,1,1
Steel,1565.66,die,low,11.14,1.67,1,1,0
Cast Iron,1342.95,die,medium,31.52,0.69,0,1,0
Steel,1488.85,sand,medium,30.55,1.15,1,1,0
Steel,1572.74,sand,high,48.7,2.88,1,1,1
Cast Iron,1195.59,sand,medium,44.75,0.78,0,1,1
Aluminum,717.96,die,medium,47.55,1.26,0,1,1
Aluminum,658.36,ceramic,medium,10.11,0.59,0,0,1
Aluminum,708.53,die,medium,44.07,0.87,0,0,1
Aluminum,676.92,sand,high,10.81,2.25,0,0,1
Aluminum,742.58,sand,low,33.48,1.42,0,1,1
Steel,1493.46,ceramic,high,37.4,1.63,0,1,0
Aluminum,689.84,sand,medium,12.24,0.89,0,0,1
Steel,1576.1,sand,low,33.47,2.21,1,1,1
Steel,1515.74,sand,low,7.36,2.38,1,1,0
Steel,1485.76,ceramic,low,18.2,0.95,1,1,0
Cast Iron,1259.51,die,high,46.45,0.61,0,1,1
Cast Iron,1318.0,sand,low,12.73,0.7,0,1,0
Steel,1514.98,ceramic,high,7.94,2.14,1,0,0
Cast Iron,1176.58,sand,high,24.97,0.84,0,0,0
Aluminum,688.31,ceramic,medium,43.28,1.73,0,1,1
Aluminum,745.45,sand,medium,8.45,0.88,0,0,1
Steel,1460.8,ceramic,low,21.0,0.93,1,1,0
Aluminum,690.84,sand,low,45.49,0.51,0,1,1
Steel,1547.2,die,medium,10.32,1.3,1,1,0
Steel,1461.78,sand,high,18.98,0.72,0,0,0
Aluminum,684.5,ceramic,high,40.03,1.48,0,0,1
Cast Iron,1338.12,sand,medium,29.44,1.99,1,1,0
Aluminum,653.06,die,high,42.45,1.42,0,0,1
Aluminum,725.17,sand,medium,10.02,2.26,0,0,1
Steel,1576.21,ceramic,medium,46.42,2.35,1,1,1
Steel,1491.56,ceramic,low,47.07,2.24,1,1,1
Steel,1482.21,die,low,11.99,2.84,1,1,0
Steel,1587.22,ceramic,medium,6.52,1.09,1,1,0
Cast Iron,1302.8,sand,low,49.54,0.97,1,1,1
Cast Iron,1172.68,sand,medium,26.7,2.02,0,1,0
Cast Iron,1192.44,sand,high,30.74,1.99,0,0,1
Steel,1543.2,ceramic,high,32.72,1.78,0,0,0
Steel,1512.91,sand,high,40.54,0.51,0,1,1
Steel,1525.63,sand,high,41.54,1.89,1,1,1
Cast Iron,1340.31,sand,medium,13.73,2.83,1,1,0
Steel,1513.04,die,high,15.65,1.34,1,1,0
Aluminum,738.17,ceramic,high,44.46,2.92,0,0,1
Aluminum,716.07,ceramic,high,41.88,1.39,0,0,1
Steel,1468.24,ceramic,high,32.79,0.85,0,1,0
Aluminum,724.45,die,medium,49.76,1.5,0,1,1
Aluminum,702.02,ceramic,high,38.08,1.74,0,0,1
Cast Iron,1195.02,die,low,14.71,2.07,1,1,0
Steel,1493.43,die,low,43.1,1.76,1,1,1
Steel,1533.6,ceramic,low,23.66,1.84,1,1,0
Cast Iron,1270.34,sand,low,6.63,0.56,0,1,0
Aluminum,746.82,sand,low,19.46,1.13,0,1,1
Aluminum,735.47,ceramic,low,39.36,1.28,0,1,1
Steel,1480.88,ceramic,medium,48.21,2.97,1,1,1
Aluminum,727.4,die,low,17.43,1.24,0,1,1
Cast Iron,1151.66,ceramic,high,16.09,2.74,1,0,1
Cast Iron,1175.96,die,low,30.36,1.26,1,1,0
Steel,1479.96,ceramic,medium,41.53,0.74,1,1,1
Cast Iron,1269.44,sand,low,38.59,1.12,1,1,1
Cast Iron,1188.94,sand,high,30.2,1.18,0,0,1
Steel,1504.79,ceramic,high,33.41,2.95,1,1,1
Cast Iron,1198.56,die,medium,15.89,2.19,0,0,0
Cast Iron,1217.48,sand,medium,24.47,2.83,1,1,1
Cast Iron,1338.49,die,medium,16.49,2.59,1,1,0
Aluminum,749.74,ceramic,medium,44.8,1.95,0,0,1
Steel,1552.86,ceramic,low,10.06,2.19,1,1,0
Steel,1535.85,sand,low,35.59,2.06,1,1,0
Steel,1556.27,ceramic,high,16.71,2.17,1,1,0
Aluminum,727.17,sand,medium,26.4,1.16,0,0,1
Aluminum,723.9,die,medium,18.47,1.52,0,0,1
Steel,1462.28,sand,low,19.55,1.98,1,1,0
Aluminum,681.03,sand,medium,16.72,0.59,0,0,1
Steel,1501.51,die,high,38.88,1.71,0,1,0
Aluminum,686.93,sand,high,21.46,2.65,0,0,1
Cast Iron,1218.86,sand,medium,37.69,1.73,1,1,1
Cast Iron,1307.42,ceramic,high,25.52,1.88,1,1,1
Steel,1562.14,die,high,29.63,1.0,0,0,0
Aluminum,650.46,sand,low,29.45,2.49,1,1,1
Aluminum,679.64,die,high,48.91,1.4,0,0,1
Cast Iron,1274.73,die,medium,21.52,2.89,1,1,0
Cast Iron,1174.05,sand,medium,14.35,2.98,1,0,0
Aluminum,657.12,ceramic,high,46.03,2.79,0,0,1
Aluminum,732.84,die,medium,12.87,0.71,0,0,0
Aluminum,695.27,sand,low,42.55,1.33,0,1,1
Aluminum,735.57,die,high,11.76,2.86,0,0,0
Aluminum,732.36,ceramic,high,34.64,2.51,0,0,1
Aluminum,739.34,ceramic,high,11.77,2.78,0,0,1
Steel,1457.24,ceramic,medium,46.54,1.93,1,1,1
Aluminum,668.61,sand,medium,30.43,1.7,0,0,1
Cast Iron,1209.23,sand,high,19.82,0.77,0,0,1
Steel,1470.43,ceramic,medium,11.31,2.6,1,1,0
Aluminum,698.55,sand,medium,21.7,2.36,0,0,1
Cast Iron,1309.8,ceramic,high,36.73,0.65,0,1,1
Steel,1592.68,sand,high,22.32,1.02,0,0,0
Cast Iron,1327.91,ceramic,medium,16.07,1.89,1,1,0
Aluminum,695.73,die,high,30.98,2.21,0,0,1
Aluminum,713.65,ceramic,high,23.8,0.84,0,0,1
Aluminum,673.07,ceramic,high,12.46,1.11,0,0,1
Aluminum,690.3,sand,high,11.93,0.98,0,0,1
Steel,1580.68,sand,medium,36.84,1.05,1,1,0
Steel,1454.38,sand,high,48.86,2.8,1,1,1
Cast Iron,1256.55,sand,low,15.49,2.29,1,1,0
Aluminum,737.28,sand,high,39.79,2.34,0,0,1
Cast Iron,1174.4,sand,low,8.94,2.48,1,1,0
Steel,1597.38,die,high,22.17,1.39,1,1,0
Aluminum,651.24,ceramic,low,27.8,2.42,1,1,1
Aluminum,738.61,ceramic,low,17.09,2.95,1,1,1
Steel,1503.05,ceramic,high,28.83,2.25,1,0,0
Steel,1469.9,die,high,44.72,1.54,0,1,0
Steel,1473.6,ceramic,high,47.5,2.29,1,1,1
Steel,1555.18,die,low,9.53,2.75,1,1,0
Steel,1580.61,die,medium,17.23,0.82,1,1,0
Aluminum,714.11,die,medium,49.06,1.16,0,0,1
Steel,1589.31,ceramic,high,17.17,2.8,1,0,0
Aluminum,734.25,die,medium,36.17,2.87,1,1,1
Aluminum,650.9,ceramic,medium,16.41,1.71,0,0,1
Steel,1550.41,ceramic,high,21.04,1.44,0,0,0
Steel,1495.7,sand,low,13.61,1.21,1,1,0
Aluminum,695.45,sand,high,43.53,1.75,0,0,1
Steel,1464.1,die,medium,44.72,2.84,1,1,1
Steel,1492.31,die,low,18.36,0.87,1,1,0
Steel,1544.9,ceramic,medium,42.06,1.55,1,1,1
Cast Iron,1193.68,die,low,21.12,2.78,1,1,0
Aluminum,714.75,die,medium,9.46,1.37,0,0,1
Cast Iron,1334.61,ceramic,high,39.11,2.42,1,0,1
Steel,1450.74,die,medium,31.84,1.47,1,1,0
Cast Iron,1307.15,die,medium,17.35,2.51,1,1,0
Steel,1546.2,ceramic,low,16.38,2.95,1,1,0
Cast Iron,1159.33,ceramic,medium,48.9,1.47,1,1,1
Steel,1568.53,sand,high,43.81,2.61,1,1,1
Cast Iron,1194.9,ceramic,high,41.44,2.97,1,1,1
Cast Iron,1203.16,sand,high,10.76,2.96,1,0,0
Cast Iron,1168.7,die,low,38.98,1.58,1,1,1
Aluminum,703.44,ceramic,low,14.65,1.71,0,1,1
Cast Iron,1249.64,ceramic,medium,48.98,1.26,0,1,1
Aluminum,684.72,ceramic,medium,7.34,1.29,0,0,1
Steel,1475.31,die,medium,20.85,1.73,1,1,0
Cast Iron,1317.59,sand,low,24.29,1.0,1,1,1
Steel,1581.46,die,low,42.09,2.28,1,1,0
Steel,1531.09,die,medium,39.48,1.84,1,1,0
Cast Iron,1198.85,ceramic,low,21.87,2.75,1,1,1
Aluminum,659.61,sand,low,30.45,2.53,1,1,1
Cast Iron,1323.71,die,high,42.6,1.31,0,1,1
Steel,1464.41,ceramic,high,5.82,1.76,1,0,0
Steel,1451.98,die,medium,41.1,2.38,1,1,1
Cast Iron,1243.88,die,medium,47.61,0.98,0,1,1
Aluminum,723.13,ceramic,high,6.44,0.58,0,0,1
Aluminum,695.75,ceramic,low,7.05,2.63,1,1,1
Steel,1457.71,sand,medium,20.5,0.84,1,1,0
Steel,1553.5,die,medium,8.95,2.72,1,1,0
Aluminum,714.23,ceramic,medium,26.57,2.78,0,0,1
Cast Iron,1286.31,ceramic,low,37.79,1.65,1,1,1
Steel,1481.68,sand,high,30.51,2.52,1,1,1
Aluminum,729.57,sand,medium,13.84,1.41,0,1,1
Steel,1521.88,ceramic,high,34.47,2.65,1,1,0
Cast Iron,1257.27,sand,high,35.82,2.56,0,0,1
Aluminum,704.58,ceramic,low,46.96,0.7,0,1,1
Steel,1493.02,die,low,11.61,1.96,1,1,0
Cast Iron,1200.03,sand,low,36.16,2.1,1,1,1
Steel,1450.71,die,low,46.01,0.5,1,1,1
Cast Iron,1229.32,die,low,27.57,2.95,1,1,0
Cast Iron,1247.02,die,low,21.28,1.52,1,1,0
Aluminum,724.28,ceramic,medium,12.68,1.79,0,0,1
Cast Iron,1163.33,die,high,44.01,0.99,0,0,1
Steel,1588.6,die,low,22.74,2.03,1,1,0
Cast Iron,1202.79,die,medium,46.62,2.53,1,1,1
Cast Iron,1223.34,ceramic,high,43.15,1.96,1,1,1
Aluminum,654.84,die,low,21.95,2.47,1,1,1
Cast Iron,1280.63,die,low,30.83,2.33,1,1,1
Cast Iron,1291.78,sand,medium,6.22,1.09,1,1,0
Steel,1589.32,ceramic,high,16.84,1.59,1,0,0
Aluminum,683.68,die,low,36.96,0.87,0,1,1
Aluminum,675.74,sand,high,35.51,0.6,0,0,1
Aluminum,722.61,ceramic,medium,20.9,0.66,0,0,1
Cast Iron,1291.36,ceramic,low,41.39,2.86,1,1,1
Aluminum,743.71,ceramic,high,15.61,2.96,0,0,1
Cast Iron,1191.06,ceramic,medium,25.76,0.74,0,1,1
Cast Iron,1291.06,ceramic,medium,26.26,1.34,0,1,0
Steel,1460.03,ceramic,low,20.34,0.79,1,1,0
Steel,1522.06,die,high,47.96,2.59,1,1,1
Steel,1467.91,die,low,36.35,1.74,1,1,0
Steel,1547.97,die,low,29.26,2.05,1,1,0
Steel,1540.22,die,high,27.97,1.85,1,1,0
Cast Iron,1159.77,sand,high,12.17,2.28,0,0,0
Cast Iron,1213.92,die,high,21.75,1.3,0,0,0
Aluminum,689.5,ceramic,medium,35.27,0.84,0,0,1
Cast Iron,1199.61,die,medium,46.61,0.54,0,1,1
Cast Iron,1157.73,die,high,41.74,1.61,0,0,1
Steel,1497.82,ceramic,medium,18.52,2.77,1,1,0
Cast Iron,1308.52,die,low,24.53,1.26,1,1,0
Steel,1504.02,die,high,8.73,0.99,1,1,0
Aluminum,682.34,die,low,9.6,2.82,1,1,0
Aluminum,744.18,sand,high,26.16,0.76,0,0,1
Cast Iron,1158.33,die,low,28.86,0.63,0,1,0
Aluminum,726.73,ceramic,high,16.88,2.7,0,0,1
Cast Iron,1246.62,ceramic,low,33.93,2.25,1,1,0
Aluminum,744.45,die,high,36.65,1.56,0,0,1
Steel,1509.02,die,high,18.46,2.38,1,1,0
Steel,1556.21,die,medium,39.13,2.35,1,1,1
Steel,1460.49,ceramic,low,14.25,0.6,1,1,0
Steel,1589.32,ceramic,medium,29.49,2.19,1,1,0
Cast Iron,1218.91,sand,low,41.19,2.1,1,1,1
Aluminum,702.4,sand,medium,29.17,2.91,1,1,1
Cast Iron,1177.7,sand,high,45.86,2.92,1,1,1
Steel,1591.83,ceramic,medium,7.63,1.44,1,1,0
Cast Iron,1284.59,sand,medium,31.47,1.97,1,1,1
Aluminum,655.39,die,high,30.28,0.85,0,0,1
Cast Iron,1181.04,die,medium,34.72,0.67,0,1,1
Aluminum,689.98,ceramic,high,42.5,1.58,0,0,1
Cast Iron,1193.35,sand,low,37.66,2.22,1,1,1
Aluminum,680.46,die,medium,40.56,1.92,0,0,1
Aluminum,749.75,ceramic,high,18.0,1.57,0,0,1
Steel,1548.8,sand,high,22.44,2.55,1,0,0
Aluminum,742.22,die,medium,33.2,2.49,0,1,1
Steel,1515.37,sand,low,29.91,2.33,1,1,0
Steel,1556.54,ceramic,medium,48.25,0.69,0,1,1
Steel,1518.95,sand,high,13.41,2.49,1,0,0
Cast Iron,1215.64,ceramic,low,20.81,2.8,1,1,0
Cast Iron,1253.83,sand,medium,30.77,0.65,0,1,1
Cast Iron,1235.46,die,high,44.06,1.5,0,1,1
Cast Iron,1346.11,ceramic,medium,46.82,2.97,1,1,1
Aluminum,699.62,ceramic,low,20.12,2.0,1,1,1
Aluminum,731.11,ceramic,low,8.02,1.78,0,1,1
Cast Iron,1283.36,sand,low,23.97,0.94,1,1,0
Aluminum,697.96,sand,low,22.75,1.91,1,1,1
Aluminum,697.42,die,low,49.39,1.6,0,1,1
Steel,1501.28,ceramic,medium,24.4,0.82,0,1,0
Steel,1466.05,ceramic,low,18.76,1.66,1,1,0
Steel,1564.22,sand,low,21.44,0.91,1,1,0
Steel,1587.71,sand,high,22.86,2.33,1,1,0
Aluminum,671.8,die,low,41.97,2.93,1,1,1
Cast Iron,1335.13,die,high,8.65,1.67,0,0,0
Aluminum,673.23,sand,high,19.24,2.08,0,0,1
Aluminum,703.01,ceramic,high,48.48,1.58,0,1,1
Aluminum,684.36,die,medium,11.89,0.85,0,0,1
Steel,1467.18,sand,medium,38.42,2.93,1,1,1
Steel,1457.93,sand,high,21.04,0.82,0,0,0
Steel,1504.8,ceramic,medium,31.18,0.78,1,1,1
Cast Iron,1159.47,sand,low,9.48,1.65,1,1,0
Aluminum,660.42,sand,medium,18.79,2.15,0,0,1
Cast Iron,1178.46,die,low,27.54,1.39,1,1,0
Steel,1450.29,sand,low,15.43,0.98,1,1,0
Cast Iron,1180.65,sand,medium,29.38,2.55,1,1,1
Aluminum,707.73,die,medium,14.89,1.41,0,0,1
Aluminum,731.95,ceramic,high,34.25,0.99,0,0,1
Steel,1479.01,ceramic,medium,45.7,1.41,1,1,1
Steel,1462.13,die,medium,8.85,1.04,0,0,0
Cast Iron,1295.9,die,medium,14.75,1.8,1,1,0
Steel,1451.22,ceramic,low,43.0,2.17,1,1,1
Steel,1560.12,ceramic,low,33.42,2.5,1,1,0
Aluminum,663.11,ceramic,low,8.54,1.07,0,0,0
Steel,1484.24,ceramic,high,26.89,0.92,0,1,0
Steel,1468.01,ceramic,high,14.44,0.55,0,0,0
Aluminum,674.73,die,high,13.96,1.07,0,0,1
Aluminum,729.82,sand,low,47.33,0.56,0,1,1
Cast Iron,1176.51,ceramic,medium,39.27,1.36,1,1,1
Steel,1599.12,ceramic,high,36.33,0.86,0,0,0
Aluminum,682.71,sand,high,15.75,1.95,0,0,1
Cast Iron,1334.39,sand,low,10.34,1.46,1,1,0
Cast Iron,1188.01,sand,high,44.19,0.73,0,1,1
Steel,1478.18,sand,medium,5.26,1.5,1,1,0
Steel,1534.8,sand,low,22.46,1.02,1,1,0
Cast Iron,1160.12,sand,low,17.49,2.2,1,1,1
Aluminum,730.1,die,medium,30.67,1.41,0,0,1
Cast Iron,1237.92,sand,medium,16.27,0.87,0,1,1
Steel,1554.88,sand,medium,19.0,1.37,1,1,0
Aluminum,667.46,die,high,43.25,1.06,0,0,1
Aluminum,714.24,sand,medium,32.14,2.49,0,1,1
Cast Iron,1268.81,ceramic,low,11.56,2.96,1,1,0
Steel,1563.35,ceramic,medium,37.69,0.56,0,1,0
Cast Iron,1209.48,sand,low,14.34,2.23,1,1,0
Cast Iron,1336.63,die,low,24.49,1.16,1,1,0
Cast Iron,1342.26,ceramic,high,34.1,0.67,0,0,1
Aluminum,736.81,die,medium,17.24,0.54,0,0,0
Aluminum,707.2,ceramic,high,22.28,2.7,0,0,1
Steel,1513.04,sand,medium,38.04,1.38,1,1,0
Steel,1458.7,die,medium,47.21,2.99,1,1,1
Cast Iron,1339.45,die,medium,28.82,1.61,1,1,1
Cast Iron,1340.36,die,medium,5.45,0.97,0,0,0
Cast Iron,1153.74,ceramic,medium,20.23,2.44,1,1,1
Steel,1503.53,ceramic,low,22.94,2.82,1,1,0
Aluminum,738.0,ceramic,low,20.26,2.54,1,1,1
Aluminum,658.09,sand,medium,24.63,2.36,0,1,1
Cast Iron,1189.31,ceramic,low,33.47,1.34,1,1,1
Cast Iron,1345.74,sand,high,10.45,0.66,0,0,0
Cast Iron,1319.46,die,high,17.27,1.0,0,0,0
Cast Iron,1332.41,die,high,27.84,1.62,0,0,0
Steel,1471.32,sand,medium,19.2,2.89,1,1,0
Aluminum,671.13,ceramic,medium,49.6,2.31,0,1,1
Cast Iron,1271.08,sand,low,24.41,2.57,1,1,1
Steel,1525.26,die,low,44.14,1.19,1,1,0
Cast Iron,1209.7,die,low,45.34,2.21,1,1,1
Cast Iron,1326.77,sand,high,42.62,2.66,1,0,1
Aluminum,740.14,ceramic,high,7.11,1.7,0,0,0
Cast Iron,1208.34,ceramic,high,47.65,1.57,0,0,1
Aluminum,665.58,sand,high,10.79,2.3,0,0,1
Aluminum,664.91,sand,low,6.55,1.9,0,1,1
Aluminum,698.44,ceramic,medium,23.65,2.98,0,0,1
Steel,1469.94,die,medium,13.76,1.56,1,1,0
Steel,1521.0,sand,high,13.29,0.94,0,0,0
Aluminum,696.19,ceramic,medium,17.95,1.68,0,0,1
Cast Iron,1326.82,ceramic,medium,16.18,1.09,0,1,0
Aluminum,679.62,die,medium,35.82,1.9,0,1,1
Cast Iron,1262.13,die,high,13.4,0.81,0,0,0
Aluminum,724.35,die,low,29.44,2.87,1,1,1
Cast Iron,1269.18,die,low,49.39,2.65,1,1,1
Steel,1593.11,die,medium,24.46,0.89,1,1,0
Cast Iron,1270.46,sand,low,33.88,0.93,0,1,0
Aluminum,740.19,ceramic,low,48.62,1.78,0,1,1
Steel,1486.76,sand,high,11.19,2.43,1,0,0
Cast Iron,1262.15,sand,high,23.84,1.05,0,0,0
Cast Iron,1258.66,sand,medium,43.26,0.65,0,1,1
Cast Iron,1347.89,sand,medium,46.95,1.86,1,1,1
Cast Iron,1190.9,sand,medium,32.06,2.23,1,1,1
Cast Iron,1178.2,die,high,11.45,1.11,0,0,0
Steel,1541.75,die,low,45.57,2.35,1,1,0
Steel,1483.55,ceramic,high,12.85,2.88,1,0,0
Steel,1545.87,sand,high,20.88,0.84,0,0,0
Steel,1595.87,ceramic,low,21.9,1.78,1,1,0
Aluminum,744.65,die,low,25.13,0.64,0,1,1
Steel,1484.67,die,medium,40.56,1.02,1,1,0
Cast Iron,1184.18,die,low,41.1,0.72,1,1,1
Cast Iron,1262.15,sand,low,37.38,1.51,1,1,1
Steel,1538.02,sand,low,6.0,2.55,1,1,0
Cast Iron,1282.45,die,low,30.42,1.94,1,1,0
Steel,1561.22,ceramic,medium,38.64,1.06,1,1,0
Cast Iron,1270.19,ceramic,medium,25.01,0.6,0,1,0
Aluminum,661.18,die,low,47.52,1.88,0,1,1
Aluminum,729.02,ceramic,low,42.07,0.83,0,1,1
Steel,1461.93,die,medium,33.72,1.36,0,1,0
Steel,1453.0,ceramic,medium,7.81,1.78,1,1,0
Steel,1565.45,die,low,34.36,2.76,1,1,0
Cast Iron,1259.67,ceramic,high,46.02,0.7,0,1,1
Steel,1554.79,sand,medium,22.08,2.17,1,1,0
Aluminum,688.27,die,medium,42.72,0.54,0,0,1
Cast Iron,1152.22,die,medium,19.09,2.07,1,1,0
Steel,1499.65,ceramic,low,30.65,1.88,1,1,1
Cast Iron,1271.63,die,low,34.18,2.53,1,1,0
Cast Iron,1195.14,die,medium,35.51,1.83,0,1,0
Steel,1553.17,die,low,44.71,1.38,1,1,0
Cast Iron,1308.88,sand,low,15.56,1.11,1,1,0
Aluminum,695.43,sand,medium,16.81,0.71,0,0,1
Aluminum,737.57,ceramic,low,36.68,1.84,0,1,1
Cast Iron,1320.96,sand,high,12.97,2.72,1,0,0
Steel,1581.71,ceramic,low,25.89,1.79,1,1,0
Cast Iron,1282.21,sand,low,5.9,2.35,1,1,0
Aluminum,680.48,ceramic,medium,11.34,1.25,0,0,1
Cast Iron,1246.25,sand,medium,35.55,1.62,1,1,1
Cast Iron,1292.1,sand,high,38.64,1.31,0,1,1
Aluminum,671.06,ceramic,low,10.19,0.77,0,1,1
Cast Iron,1297.77,die,high,15.25,1.54,0,0,0
Cast Iron,1259.62,die,high,9.45,2.41,1,0,0
Steel,1464.4,sand,medium,24.5,1.49,1,1,0
Steel,1533.59,ceramic,low,10.68,2.13,1,1,0
Aluminum,656.68,die,medium,24.68,2.4,0,0,1
Aluminum,651.43,ceramic,high,37.94,1.31,0,0,1
Aluminum,738.96,die,high,35.75,2.49,0,0,1
Steel,1523.49,ceramic,medium,17.62,1.35,1,1,0
Aluminum,704.33,sand,medium,35.32,1.14,0,1,1
Aluminum,677.99,ceramic,medium,46.75,1.06,0,1,1
Aluminum,704.27,die,medium,20.64,1.0,0,0,1
Steel,1475.33,sand,medium,19.81,2.34,1,1,0
Cast Iron,1299.13,ceramic,high,30.71,2.72,1,1,1
Aluminum,732.33,die,medium,16.05,1.08,0,0,1
Cast Iron,1321.18,sand,low,34.32,0.71,1,1,1
Aluminum,660.67,ceramic,high,42.45,1.28,0,0,1
Cast Iron,1261.55,die,high,25.67,2.14,0,0,0
Steel,1571.31,ceramic,low,35.58,1.42,1,1,1
Steel,1469.23,ceramic,low,34.33,1.87,1,1,0
Aluminum,659.95,sand,high,6.74,2.36,0,0,1
Cast Iron,1313.39,sand,medium,13.25,1.52,0,1,0
Steel,1569.51,die,high,45.21,3.0,1,1,0
Aluminum,694.87,sand,high,47.25,1.24,0,0,1
Aluminum,660.97,die,low,40.12,2.95,1,1,1
Steel,1527.42,ceramic,high,46.46,1.01,0,1,1
Steel,1509.22,ceramic,medium,18.78,0.78,1,1,0
Aluminum,701.85,die,low,16.15,2.38,1,1,1
Cast Iron,1237.98,ceramic,high,22.29,2.26,0,0,0
Cast Iron,1263.7,sand,high,7.49,2.53,1,0,0
Cast Iron,1295.43,ceramic,medium,41.44,1.36,1,1,1
Aluminum,727.49,sand,high,49.29,2.83,0,0,1
Steel,1547.35,die,high,42.08,0.8,0,1,0
Aluminum,669.89,die,high,29.97,0.58,0,0,1
Steel,1509.57,ceramic,high,18.29,1.25,0,0,0
Cast Iron,1164.24,ceramic,medium,13.9,2.49,1,1,1
Cast Iron,1240.33,sand,high,21.38,2.18,1,0,1
Steel,1595.55,sand,high,35.01,1.59,1,1,1
Steel,1546.26,ceramic,high,25.12,1.14,0,1,0
Aluminum,665.46,ceramic,low,47.03,0.65,0,1,1
Cast Iron,1203.72,die,medium,43.44,1.34,0,1,0
Aluminum,656.46,die,low,9.61,1.65,0,1,1
Aluminum,668.24,die,low,10.92,2.22,0,0,0
Aluminum,698.78,ceramic,medium,35.43,2.11,0,1,1
Cast Iron,1218.97,ceramic,low,15.38,2.87,1,1,0
Aluminum,670.4,ceramic,low,40.6,0.75,0,1,1
Aluminum,664.66,die,low,31.61,1.34,0,1,1
Aluminum,715.61,ceramic,medium,15.34,1.7,0,0,1
Aluminum,705.81,sand,high,26.54,2.18,0,0,1
Aluminum,734.26,ceramic,medium,23.27,1.74,0,0,1
Aluminum,668.33,ceramic,medium,44.29,2.78,0,1,1
Cast Iron,1319.6,ceramic,medium,6.45,2.02,1,1,0
Aluminum,707.79,ceramic,low,45.31,0.6,0,1,1
Steel,1489.93,ceramic,high,34.34,0.78,0,1,0
Aluminum,677.36,sand,medium,38.19,2.38,0,1,1
Aluminum,689.04,sand,medium,5.12,2.29,0,0,1
Cast Iron,1242.03,ceramic,high,33.27,0.88,0,0,1
Cast Iron,1166.5,die,high,31.48,0.65,0,0,0
Steel,1576.3,ceramic,high,29.17,1.95,1,1,0
Steel,1468.23,ceramic,low,40.36,2.09,1,1,1
Cast Iron,1246.69,ceramic,high,30.01,0.84,0,0,1
Cast Iron,1226.59,die,low,43.57,1.68,1,1,0
Aluminum,701.23,die,medium,15.47,1.26,0,0,1
Cast Iron,1327.5,die,low,41.27,2.83,1,1,0
Steel,1598.36,sand,high,13.07,1.05,0,0,0
Aluminum,652.03,die,low,41.59,2.33,1,1,1
Steel,1508.99,sand,high,47.32,1.8,1,1,1
Aluminum,731.76,sand,low,20.11,0.53,0,1,1
Cast Iron,1215.32,die,medium,28.84,1.79,0,1,0
Steel,1547.36,die,low,34.62,0.75,1,1,0
Aluminum,749.23,die,medium,8.58,2.15,0,0,0
Aluminum,714.68,sand,high,27.23,1.91,0,0,1
Cast Iron,1172.24,ceramic,medium,21.23,0.53,0,1,1
Cast Iron,1318.59,die,high,44.26,1.01,0,1,1
Cast Iron,1343.33,die,high,44.45,2.44,1,1,1
Steel,1556.88,die,medium,36.54,1.19,1,1,0
Aluminum,691.91,sand,medium,34.51,1.75,0,0,1
Cast Iron,1339.68,sand,low,38.02,1.28,1,1,1
Steel,1595.29,ceramic,low,21.47,2.8,1,1,0
Steel,1590.27,die,medium,23.2,1.84,1,1,0
Steel,1511.77,sand,medium,29.92,2.24,1,1,0
Cast Iron,1307.94,ceramic,medium,47.21,0.71,0,1,1
Cast Iron,1280.84,die,medium,37.58,0.6,0,1,0
Aluminum,667.97,sand,high,29.79,1.15,0,0,1
Aluminum,703.55,die,medium,39.67,1.27,0,1,1
Cast Iron,1299.54,die,medium,21.69,2.22,1,1,0
Steel,1584.39,sand,medium,37.87,1.92,1,1,0
Steel,1579.39,sand,medium,23.48,1.44,1,1,0
Steel,1473.2,sand,high,17.58,2.14,1,0,0
Aluminum,698.8,die,low,32.44,0.91,0,1,1
Steel,1521.74,die,low,35.91,0.66,1,1,0
Aluminum,739.87,ceramic,low,25.67,2.64,1,1,1
Aluminum,650.19,die,low,30.45,1.91,0,1,1
Steel,1560.81,sand,low,36.23,2.12,1,1,0
Steel,1542.8,die,high,39.55,1.27,1,1,0
Cast Iron,1334.31,ceramic,low,45.3,1.43,1,1,1
Cast Iron,1241.38,ceramic,high,20.95,0.71,0,0,0
Steel,1548.65,sand,high,47.82,2.64,1,1,1
Aluminum,747.27,sand,low,33.68,1.98,0,1,1
Aluminum,724.39,ceramic,low,40.45,0.71,0,1,1
Aluminum,656.74,ceramic,low,36.49,2.51,1,1,1
Aluminum,666.75,ceramic,medium,14.25,1.61,0,0,1
Aluminum,732.15,sand,high,8.21,2.41,0,0,1
Cast Iron,1216.96,ceramic,low,37.68,0.53,1,1,1
Steel,1555.89,ceramic,medium,28.0,0.57,0,1,0
Cast Iron,1289.96,sand,high,36.6,0.93,0,0,1
Aluminum,749.37,die,medium,26.46,1.03,0,1,1
Aluminum,696.99,die,medium,19.05,2.41,0,0,1
Aluminum,723.78,ceramic,low,17.83,2.27,1,1,1
Aluminum,654.88,die,high,37.87,2.04,0,0,1
Steel,1519.39,die,medium,17.46,2.71,1,1,0
Aluminum,668.67,die,high,37.16,1.12,0,0,1
Steel,1576.09,die,low,22.28,2.76,1,1,0
Aluminum,733.99,ceramic,high,39.69,2.77,0,0,1
Steel,1485.45,die,medium,11.43,1.59,0,0,0
Cast Iron,1213.66,die,medium,14.22,0.74,0,0,0
Aluminum,720.25,sand,high,35.87,2.32,0,0,1
Steel,1560.74,ceramic,medium,30.21,1.34,1,1,0
Cast Iron,1281.53,sand,medium,14.17,2.49,1,1,0
Aluminum,749.67,sand,medium,45.63,0.91,0,1,1
Aluminum,736.87,ceramic,low,17.42,1.85,0,1,1
Aluminum,691.71,die,low,23.95,1.77,0,1,1
Steel,1499.05,sand,medium,14.1,0.75,0,1,0
Steel,1539.53,ceramic,high,22.46,1.41,0,0,0
Cast Iron,1313.53,die,low,27.12,0.71,1,1,0
Steel,1521.3,ceramic,high,18.29,1.66,1,0,0
Steel,1560.65,sand,medium,39.61,2.61,1,1,1
Aluminum,651.92,die,medium,22.73,1.18,0,0,1
Aluminum,742.58,die,high,37.83,2.41,0,0,1
Aluminum,727.38,ceramic,low,14.32,0.96,0,1,1
Aluminum,689.42,die,high,21.97,2.18,0,0,1
Aluminum,688.4,sand,high,5.36,2.79,0,0,1
Aluminum,660.29,sand,medium,39.14,1.31,0,1,1
Aluminum,731.62,sand,low,33.16,2.75,1,1,1
Cast Iron,1303.73,ceramic,high,41.8,1.76,1,1,1
Cast Iron,1276.05,die,low,25.5,1.29,1,1,0
Cast Iron,1170.29,die,medium,40.99,2.74,1,1,0
Cast Iron,1202.47,die,low,34.14,0.58,1,1,1
Aluminum,695.89,sand,medium,5.16,0.57,0,0,1
Cast Iron,1203.19,die,low,16.42,2.0,1,1,0
Aluminum,693.4,sand,high,27.23,2.49,0,0,1
Cast Iron,1195.19,die,medium,32.84,2.38,1,1,0
Steel,1502.44,sand,high,7.95,0.7,0,0,0
Cast Iron,1280.46,die,medium,36.73,2.88,1,1,1
Cast Iron,1328.47,ceramic,low,29.46,2.26,1,1,0
Aluminum,688.5,ceramic,low,28.66,2.87,1,1,1
Cast Iron,1288.38,sand,medium,18.14,1.32,1,1,0
Steel,1470.22,sand,medium,31.77,2.23,1,1,0
Aluminum,704.08,die,medium,6.24,2.65,0,0,0
Aluminum,742.17,die,low,7.91,1.45,1,1,1
Cast Iron,1155.59,ceramic,medium,38.02,2.91,1,1,1
Aluminum,676.76,die,medium,19.49,1.16,0,0,1
Aluminum,663.25,sand,high,20.61,1.29,0,0,1
Aluminum,703.31,sand,medium,14.38,2.8,0,0,1
Aluminum,717.96,sand,high,25.05,2.92,0,0,1
Aluminum,655.78,sand,high,7.34,1.21,0,0,1
Aluminum,657.03,sand,high,18.52,0.84,0,0,1
Steel,1580.44,ceramic,low,28.72,2.4,1,1,0
Cast Iron,1241.25,ceramic,high,25.95,2.82,1,0,1
Steel,1519.44,sand,medium,49.99,2.0,1,1,1
Aluminum,744.46,die,low,22.49,2.09,0,1,1
Aluminum,682.02,sand,low,22.41,2.41,1,1,1
Cast Iron,1329.4,ceramic,low,27.66,0.88,1,1,0
Steel,1596.14,sand,low,13.56,2.93,1,1,0
Cast Iron,1198.34,ceramic,low,44.43,1.41,1,1,1
Steel,1527.11,ceramic,low,30.75,2.07,1,1,0
Aluminum,703.44,sand,low,13.64,1.67,0,1,1
Cast Iron,1323.23,sand,high,40.7,1.67,0,0,1
Cast Iron,1210.78,die,medium,6.54,2.26,1,0,0
Aluminum,729.8,ceramic,medium,49.22,2.99,1,1,1
Cast Iron,1344.2,die,high,43.93,2.15,1,1,1
Steel,1576.05,sand,high,31.08,2.49,1,1,0
Steel,1586.37,ceramic,low,10.01,0.57,1,1,0
Steel,1556.25,die,low,14.69,2.53,1,1,0
Steel,1585.59,die,high,17.57,1.25,0,0,0
Aluminum,666.49,die,low,15.85,0.82,0,1,1
Cast Iron,1292.47,sand,medium,27.39,0.78,0,1,1
Steel,1559.78,sand,medium,47.51,2.2,1,1,1
Aluminum,693.92,sand,low,24.99,2.99,1,1,1
Cast Iron,1165.95,ceramic,low,34.77,2.17,1,1,1
Cast Iron,1274.49,sand,low,35.99,1.16,0,1,0
Aluminum,655.19,ceramic,medium,44.22,1.01,0,1,1
Aluminum,688.24,die,low,6.52,1.81,0,1,0
Steel,1509.05,die,high,23.19,0.66,0,0,0
Cast Iron,1349.78,sand,low,40.31,1.5,1,1,1
Cast Iron,1209.96,die,high,41.67,2.17,0,0,1
Aluminum,732.05,sand,low,46.73,2.92,1,1,1
Cast Iron,1160.63,ceramic,low,36.63,1.56,1,1,1
Steel,1529.46,die,medium,16.03,1.0,1,1,0
Cast Iron,1257.34,sand,high,27.75,2.54,1,0,1
Aluminum,712.87,die,high,6.46,2.36,0,0,0
Aluminum,731.0,die,high,34.11,2.65,0,0,1
Steel,1564.29,sand,medium,29.94,1.04,1,1,0
Steel,1564.15,die,high,35.01,1.51,1,1,0
Cast Iron,1236.46,die,medium,46.86,2.95,1,1,1
Cast Iron,1295.49,die,low,35.93,0.9,0,1,0
Aluminum,699.13,die,low,19.42,2.18,0,1,1
Steel,1460.04,ceramic,high,13.94,1.09,1,1,0
Steel,1583.53,die,low,43.46,1.75,1,1,0
Steel,1583.52,die,low,13.74,2.5,1,1,0
Cast Iron,1214.58,sand,high,12.27,1.72,0,0,0
Steel,1587.09,ceramic,low,14.3,2.51,1,1,0
Aluminum,725.8,sand,high,27.9,1.57,0,0,1
Aluminum,690.08,sand,high,10.59,3.0,1,0,1
Cast Iron,1216.3,sand,low,47.22,1.59,1,1,1
Cast Iron,1345.03,ceramic,low,48.48,0.87,1,1,1
Steel,1556.89,sand,low,48.82,1.5,1,1,1
Cast Iron,1225.76,sand,low,6.76,2.36,1,1,1
Aluminum,714.2,sand,low,47.58,2.62,1,1,1
Steel,1535.73,die,medium,49.88,1.65,1,1,1
Aluminum,702.45,sand,low,47.41,1.99,1,1,1
Steel,1546.71,ceramic,medium,35.19,2.61,1,1,0
Cast Iron,1257.53,ceramic,high,36.56,2.53,1,1,1
Steel,1548.22,die,low,10.5,2.14,1,1,0
Steel,1586.14,ceramic,low,44.34,2.54,1,1,0
Aluminum,749.33,ceramic,low,7.68,1.94,0,1,1
Aluminum,720.93,die,high,19.3,0.51,0,0,0
Steel,1589.17,sand,medium,49.6,0.6,0,1,1
Cast Iron,1321.68,die,medium,24.0,2.95,1,1,0
Cast Iron,1209.01,sand,low,10.9,0.86,1,1,0
Aluminum,743.29,sand,low,48.62,1.51,0,1,1
Cast Iron,1164.16,ceramic,low,49.29,2.83,1,1,1
Aluminum,682.99,die,low,13.42,0.99,0,1,0
Cast Iron,1277.99,ceramic,high,43.92,2.61,1,1,1
Steel,1529.04,ceramic,low,22.57,2.55,1,1,0
Aluminum,704.24,sand,high,22.16,2.97,0,0,1
Aluminum,729.49,ceramic,low,16.82,1.2,0,1,1
Steel,1479.21,die,medium,7.01,1.29,1,1,0
Aluminum,748.21,ceramic,medium,17.06,2.76,1,1,1
Cast Iron,1237.49,ceramic,low,7.42,1.09,1,1,0
Cast Iron,1339.97,sand,low,46.6,1.87,1,1,1
Aluminum,688.31,die,high,34.78,2.27,0,0,1
Cast Iron,1270.36,ceramic,low,44.9,1.18,1,1,1
Aluminum,695.03,sand,low,37.28,2.85,1,1,1
Steel,1551.39,ceramic,low,10.91,2.16,1,1,0
Aluminum,668.36,die,medium,47.33,0.62,0,1,1
Steel,1510.09,ceramic,high,45.5,0.84,0,1,1
Cast Iron,1163.68,ceramic,medium,20.66,0.98,0,1,0
Steel,1539.72,sand,high,10.02,1.11,0,0,0
Cast Iron,1342.54,ceramic,medium,36.69,2.33,1,1,1
Aluminum,654.59,sand,low,37.78,0.72,0,1,1
Cast Iron,1281.93,die,medium,45.36,1.38,1,1,1
Aluminum,727.51,ceramic,medium,7.37,2.78,1,0,1
Aluminum,671.31,die,high,11.38,1.89,0,0,0
Steel,1490.96,die,high,31.92,1.16,0,1,0
Steel,1480.24,ceramic,medium,32.86,2.89,1,1,1
Steel,1494.61,sand,high,6.51,1.11,0,0,0
Steel,1466.51,die,high,22.86,2.76,1,1,0
Cast Iron,1224.07,die,high,31.29,2.31,1,0,0
Cast Iron,1223.79,ceramic,high,38.21,2.35,1,0,1
Cast Iron,1311.45,ceramic,high,19.23,2.41,1,0,0
Aluminum,730.1,ceramic,medium,26.78,1.77,0,0,1
Cast Iron,1309.34,ceramic,high,41.63,2.54,1,1,1
Cast Iron,1263.41,ceramic,low,47.93,2.59,1,1,1
Cast Iron,1215.18,ceramic,medium,15.36,1.4,1,1,1
Steel,1511.64,sand,medium,16.39,1.5,1,1,0
Cast Iron,1213.55,die,medium,47.29,2.72,1,1,1
Aluminum,708.19,sand,high,22.82,1.81,0,0,1
Steel,1590.7,sand,low,37.33,2.67,1,1,0
Aluminum,678.45,ceramic,high,32.55,2.07,0,0,1
Cast Iron,1241.77,die,medium,17.85,1.98,1,1,0
Steel,1548.27,sand,medium,34.41,0.58,0,1,0
Aluminum,734.47,ceramic,medium,34.5,1.19,0,1,1
Cast Iron,1200.67,ceramic,medium,31.66,1.76,1,1,1
Aluminum,678.03,die,high,9.48,1.97,0,0,1
Aluminum,738.52,sand,low,49.78,2.08,1,1,1
Aluminum,658.03,sand,low,23.02,2.29,1,1,1
Cast Iron,1271.09,sand,medium,33.72,2.14,1,1,1
Cast Iron,1322.09,ceramic,low,44.86,2.62,1,1,1
Aluminum,742.17,die,medium,24.05,1.24,0,0,1
Steel,1451.9,die,medium,39.83,2.1,1,1,0
Steel,1505.45,sand,low,48.73,0.63,1,1,1
Cast Iron,1201.45,ceramic,medium,21.15,1.7,1,1,0
Cast Iron,1263.61,sand,low,23.24,1.17,0,1,0
Cast Iron,1276.57,die,medium,45.75,1.45,1,1,1
Cast Iron,1349.95,ceramic,low,12.18,1.39,1,1,0
Cast Iron,1252.55,sand,medium,6.29,0.65,0,1,0
Steel,1532.72,sand,low,45.9,1.67,1,1,1
Cast Iron,1232.86,ceramic,medium,41.97,2.99,1,1,1
Aluminum,664.77,die,medium,48.77,1.25,0,1,1
Aluminum,680.33,ceramic,medium,7.62,2.34,0,0,1
Steel,1487.05,sand,low,12.03,1.87,1,1,0
Aluminum,730.12,sand,high,9.74,1.31,0,0,1
Steel,1531.87,sand,medium,35.75,0.72,1,1,0
Steel,1494.43,sand,medium,32.27,1.04,1,1,1
Aluminum,698.91,die,low,21.17,2.45,1,1,1
Cast Iron,1193.77,die,medium,7.58,1.2,0,0,0
Aluminum,668.51,sand,medium,33.78,0.86,0,0,1
Aluminum,735.99,die,medium,30.66,1.33,0,1,1
Steel,1591.72,die,medium,10.08,1.96,1,1,0
Aluminum,658.0,die,high,45.9,2.26,0,0,1
Steel,1564.73,sand,high,13.95,1.47,1,0,0
Cast Iron,1240.66,ceramic,medium,38.46,1.75,1,1,1
Cast Iron,1227.79,ceramic,medium,44.83,1.64,0,1,1
Cast Iron,1287.88,ceramic,medium,31.08,0.52,0,1,1
Aluminum,676.63,sand,high,16.11,1.49,0,0,1
Steel,1453.09,die,high,18.92,1.97,0,0,0
Cast Iron,1192.8,die,low,44.86,1.92,1,1,1
Steel,1477.74,sand,low,18.42,2.37,1,1,0
Steel,1455.11,sand,medium,38.58,2.18,1,1,1
Cast Iron,1214.26,ceramic,medium,49.56,1.19,0,1,1
Cast Iron,1244.9,ceramic,high,49.99,1.14,0,1,1
Steel,1560.37,sand,medium,29.01,1.66,1,1,0
Cast Iron,1215.13,ceramic,medium,42.2,2.33,1,1,1
Steel,1479.18,die,high,49.56,0.73,0,1,1
Steel,1484.59,sand,high,21.86,2.87,1,1,0
Cast Iron,1328.24,sand,high,16.36,1.86,1,0,0
Aluminum,670.47,die,high,10.14,1.27,0,0,0
Cast Iron,1325.85,die,low,11.34,2.23,1,1,0
Aluminum,694.71,die,high,43.41,0.61,0,0,1
Steel,1590.16,ceramic,high,31.49,1.71,1,1,0
Steel,1511.21,sand,medium,44.32,1.71,1,1,1
Aluminum,667.77,ceramic,medium,40.53,0.9,0,1,1
Steel,1532.35,die,medium,35.32,2.59,1,1,0
Aluminum,708.77,ceramic,low,32.42,2.49,0,1,1
Aluminum,713.55,die,high,7.18,0.88,0,0,0
Steel,1511.72,ceramic,high,44.25,1.41,0,1,1
Aluminum,654.86,ceramic,low,23.8,0.75,0,1,1
Cast Iron,1275.34,die,high,30.19,2.62,1,0,0
Cast Iron,1336.61,ceramic,medium,5.99,1.31,1,1,0
Steel,1593.63,sand,low,47.12,1.6,1,1,1
Steel,1539.53,ceramic,high,45.62,1.31,0,1,1
Aluminum,651.99,ceramic,low,29.45,1.28,0,1,1
Aluminum,660.6,sand,low,30.98,2.37,0,1,1
Aluminum,733.4,die,high,36.73,2.37,0,0,1
Aluminum,732.97,sand,medium,16.91,1.79,0,0,1
Cast Iron,1339.2,ceramic,high,14.99,2.14,1,0,0
Cast Iron,1262.75,die,high,35.33,1.78,1,1,1
Steel,1579.57,ceramic,medium,9.7,0.57,1,1,0
Aluminum,732.49,ceramic,high,25.43,0.67,0,0,1
Aluminum,708.94,sand,high,27.17,1.46,0,0,1
Steel,1567.55,sand,high,22.16,2.37,1,0,0
Aluminum,662.57,die,low,13.34,2.78,0,0,0
Aluminum,713.92,die,low,20.99,0.57,0,1,1
Aluminum,745.35,die,low,20.19,1.42,1,1,1
Aluminum,666.2,ceramic,high,27.47,1.06,0,0,1
Aluminum,724.4,sand,medium,35.36,2.54,0,1,1
Steel,1498.12,sand,low,48.57,2.61,1,1,1
Aluminum,731.71,sand,medium,11.49,1.02,0,0,1
Steel,1554.58,die,high,44.29,2.28,1,1,0
Aluminum,742.62,sand,low,17.79,2.33,1,1,1
Cast Iron,1292.39,sand,high,31.61,0.94,0,1,1
Cast Iron,1232.06,sand,medium,29.6,1.58,0,1,0
Cast Iron,1152.18,die,low,30.06,2.05,1,1,0
Cast Iron,1308.58,sand,low,37.55,0.57,1,1,1
Steel,1511.27,die,low,22.18,1.51,1,1,0
Steel,1550.6,sand,low,19.36,0.89,1,1,0
Aluminum,660.51,sand,medium,43.38,1.85,0,1,1
Cast Iron,1328.19,sand,low,14.9,2.61,1,1,0
Steel,1515.35,die,high,13.11,1.81,0,0,0
Aluminum,741.97,die,low,5.7,0.59,0,1,1
Aluminum,720.7,sand,medium,14.48,0.57,0,1,1
Steel,1468.22,ceramic,low,28.33,2.01,1,1,0
Cast Iron,1265.84,die,medium,29.23,1.32,1,1,1
Aluminum,740.99,die,medium,16.45,1.93,0,0,0
Cast Iron,1309.99,sand,high,8.25,0.91,0,0,0
Cast Iron,1233.6,ceramic,low,38.51,2.44,1,1,1
Cast Iron,1341.01,sand,low,39.11,2.65,1,1,1
Aluminum,676.86,die,low,49.9,2.72,1,1,1
Cast Iron,1225.02,die,high,45.5,1.26,0,1,1
Aluminum,724.97,sand,high,46.67,2.15,0,0,1
Cast Iron,1196.58,sand,medium,40.92,1.2,0,1,1
Aluminum,701.54,ceramic,medium,32.7,2.41,0,1,1
Cast Iron,1295.76,ceramic,medium,10.78,0.8,0,1,0
Steel,1546.6,die,high,33.0,2.41,1,1,0
Cast Iron,1181.07,ceramic,high,7.52,1.6,0,0,0
Cast Iron,1275.93,ceramic,high,44.84,2.64,1,1,1
Aluminum,707.27,die,medium,26.68,2.35,0,0,1
Aluminum,705.78,die,high,36.39,1.44,0,0,1
Cast Iron,1315.21,die,medium,7.35,2.76,1,0,0
Steel,1477.58,die,medium,29.04,1.21,1,1,0
Steel,1562.73,sand,low,18.56,2.92,1,1,0
Aluminum,726.09,die,low,17.82,2.42,1,1,1
Steel,1558.4,die,low,22.53,2.98,1,1,0
Cast Iron,1251.19,die,medium,5.03,0.63,0,0,0
Aluminum,689.55,ceramic,low,26.0,1.19,0,1,1
Cast Iron,1228.94,die,low,26.9,2.35,1,1,0
Aluminum,723.38,sand,low,43.84,2.81,1,1,1
Aluminum,699.79,sand,high,25.18,0.57,0,0,1
Aluminum,683.84,die,medium,21.36,0.5,0,0,1
Aluminum,712.55,sand,low,49.76,1.14,0,1,1
Steel,1575.55,ceramic,high,30.7,2.63,1,1,0
Cast Iron,1162.3,die,high,26.27,2.42,1,0,1
Cast Iron,1344.43,sand,high,27.32,1.35,0,0,1
Cast Iron,1169.33,sand,low,41.41,0.51,0,1,1
Aluminum,701.17,die,high,20.33,1.89,0,0,1
Steel,1534.03,sand,medium,22.51,1.09,1,1,0
Cast Iron,1177.64,die,high,39.01,2.36,0,0,0
Steel,1587.34,sand,high,8.28,1.62,1,0,0
Aluminum,697.15,ceramic,high,43.93,2.2,0,0,1
Cast Iron,1178.62,sand,high,24.36,2.63,1,0,1
Steel,1556.74,sand,medium,31.16,1.84,1,1,0
Aluminum,716.34,die,low,39.09,1.34,0,1,1
Steel,1594.43,sand,medium,16.97,2.42,1,1,0
Cast Iron,1238.3,die,medium,45.06,1.16,0,1,0
Cast Iron,1203.56,ceramic,low,49.07,2.73,1,1,1
Aluminum,656.0,die,high,27.24,0.68,0,0,1
Aluminum,723.31,die,low,47.16,2.59,0,1,1
Aluminum,711.73,sand,low,5.05,0.73,0,1,1
Steel,1595.89,ceramic,medium,45.24,0.64,1,1,1
Steel,1556.82,die,low,19.0,1.41,1,1,0
Steel,1589.97,sand,high,19.02,2.89,1,0,0
Aluminum,749.16,sand,medium,15.26,2.96,0,0,1
Cast Iron,1235.69,die,high,19.27,1.01,0,0,0
Cast Iron,1180.06,sand,medium,14.61,0.87,0,1,0
Steel,1479.38,die,high,45.76,1.38,1,1,1
Steel,1497.76,die,low,45.46,1.34,1,1,1
Cast Iron,1251.78,die,low,9.6,2.4,1,1,0
Cast Iron,1174.48,ceramic,low,11.43,1.61,1,1,0
Steel,1495.26,die,high,43.79,2.45,1,1,0
Steel,1496.17,sand,medium,22.95,2.37,1,1,0
Cast Iron,1150.82,ceramic,medium,12.62,1.95,1,1,1
Aluminum,685.42,sand,medium,27.98,2.58,0,0,1
Steel,1467.42,ceramic,low,23.75,0.99,1,1,0
Cast Iron,1235.94,ceramic,high,14.86,0.9,0,0,1
Cast Iron,1189.31,ceramic,medium,37.43,2.38,1,1,1
Cast Iron,1314.42,ceramic,high,33.41,1.11,0,1,1
Cast Iron,1166.11,sand,medium,9.48,0.51,0,0,0
Aluminum,736.57,die,low,46.64,2.78,1,1,1
Cast Iron,1266.11,sand,high,30.13,2.06,1,1,1
Steel,1518.8,die,medium,16.26,1.61,1,1,0
Aluminum,704.97,sand,medium,14.28,2.31,0,0,1
Cast Iron,1225.22,ceramic,medium,11.12,1.33,1,1,0
Aluminum,662.76,ceramic,medium,24.11,2.88,0,0,1
Steel,1564.88,die,low,11.1,0.67,1,1,0
Cast Iron,1335.58,die,medium,23.71,2.1,1,1,0
Steel,1592.51,sand,medium,11.69,2.44,1,1,0
Cast Iron,1284.14,die,low,34.56,1.67,1,1,0
Cast Iron,1232.07,sand,medium,40.34,2.39,1,1,1
Cast Iron,1245.67,die,high,29.73,2.82,1,1,1
Cast Iron,1281.39,die,high,35.6,2.36,1,1,0
Cast Iron,1314.61,die,medium,47.23,1.27,0,1,1
Aluminum,687.46,ceramic,low,33.73,1.9,0,1,1
Cast Iron,1333.36,ceramic,low,21.39,2.78,1,1,0
Cast Iron,1214.85,sand,low,25.23,1.62,1,1,1
Aluminum,703.09,die,medium,43.72,2.2,0,0,1
Aluminum,746.14,sand,medium,10.88,1.66,0,0,1
Aluminum,743.82,die,high,19.66,0.8,0,0,0
Aluminum,719.57,ceramic,low,30.98,0.65,0,1,1
Aluminum,682.46,ceramic,medium,35.44,2.88,1,1,1
Aluminum,671.9,die,medium,39.36,2.03,0,1,1
Cast Iron,1166.03,die,medium,19.32,0.76,0,1,0
Cast Iron,1291.73,ceramic,low,11.56,2.64,1,1,1
Steel,1525.52,ceramic,low,47.97,1.81,1,1,1
Cast Iron,1264.46,sand,high,8.44,2.43,1,0,0
Cast Iron,1244.48,ceramic,low,9.31,0.82,1,1,0
Aluminum,698.29,die,medium,27.27,2.77,0,0,1
Aluminum,707.13,sand,high,41.87,1.98,0,0,1
Cast Iron,1332.85,die,low,39.85,2.35,1,1,0
Steel,1454.4,sand,low,47.2,0.58,0,1,0
Aluminum,730.16,die,low,11.37,1.29,0,1,0
Cast Iron,1228.1,ceramic,low,21.91,1.17,1,1,1
Cast Iron,1298.98,die,medium,17.7,2.87,1,1,0
Steel,1592.28,sand,low,43.74,0.96,1,1,0
Steel,1495.94,die,medium,26.98,2.27,1,1,0
Aluminum,658.96,sand,medium,6.21,0.61,0,0,1
Steel,1484.84,die,medium,36.86,0.99,1,1,0
Cast Iron,1194.42,ceramic,high,22.49,1.35,0,1,1
Cast Iron,1298.37,ceramic,medium,28.9,2.49,1,1,1
Steel,1459.28,die,low,45.22,2.47,1,1,0
Steel,1457.64,die,high,16.55,2.88,1,1,0
Steel,1554.04,die,low,15.81,2.79,1,1,0
Steel,1533.51,sand,medium,16.84,0.7,1,1,0
Aluminum,691.78,die,low,20.21,2.57,1,1,1
Steel,1536.31,die,high,9.83,1.63,0,0,0
Aluminum,723.52,sand,high,36.37,2.66,0,0,1
Cast Iron,1170.69,ceramic,low,14.33,0.72,0,1,0
Steel,1532.99,die,low,46.68,2.56,1,1,0
Aluminum,732.44,die,low,14.71,0.9,0,1,1
Steel,1504.36,ceramic,high,16.5,1.33,0,0,0
Cast Iron,1302.6,ceramic,medium,18.37,0.57,0,1,0
Cast Iron,1319.08,sand,low,39.58,0.81,1,1,1
Cast Iron,1314.19,die,medium,24.24,1.61,1,1,0
Steel,1547.55,die,high,41.87,2.55,1,0,0
Steel,1557.6,sand,low,40.32,2.43,1,1,1
Aluminum,728.77,ceramic,low,46.83,1.09,0,1,1
Cast Iron,1296.74,sand,high,39.05,0.88,0,1,1
Steel,1517.75,ceramic,low,7.34,1.47,1,1,0
Cast Iron,1181.82,sand,medium,42.68,2.71,1,1,1
Cast Iron,1211.95,ceramic,high,47.21,0.73,0,1,1
Aluminum,670.72,sand,high,49.72,1.86,0,0,1
Aluminum,686.14,ceramic,low,10.64,0.72,0,1,1
Aluminum,698.93,ceramic,high,32.6,1.68,0,0,1
Aluminum,745.9,ceramic,low,13.98,0.82,0,1,1
Cast Iron,1341.89,ceramic,low,16.81,0.7,1,1,0
Aluminum,726.96,ceramic,high,38.55,0.98,0,0,1
Aluminum,748.01,die,low,49.0,1.14,0,1,1
Aluminum,749.8,ceramic,medium,31.77,1.19,0,1,1
Aluminum,738.53,die,medium,43.28,2.11,0,1,1
Cast Iron,1165.9,ceramic,low,5.4,0.64,0,1,0
Aluminum,692.6,die,medium,6.65,0.7,0,0,0
Cast Iron,1256.82,die,low,31.85,0.97,1,1,0
Steel,1468.61,sand,medium,22.5,2.68,1,1,0
Cast Iron,1311.73,ceramic,high,45.04,2.07,0,1,1
Cast Iron,1179.74,sand,low,18.59,2.33,1,1,1
Aluminum,688.33,sand,low,24.44,1.43,0,1,1
Steel,1460.34,ceramic,low,28.76,1.03,1,1,0
Steel,1528.69,sand,low,17.29,0.59,1,1,0
Steel,1539.56,ceramic,low,45.88,1.72,1,1,1
Steel,1560.28,sand,low,25.9,1.94,1,1,0
Cast Iron,1217.89,ceramic,high,24.09,2.74,1,0,1
Steel,1538.58,ceramic,high,43.24,2.71,1,1,0
Cast Iron,1296.83,ceramic,medium,19.04,1.56,1,1,1
Cast Iron,1302.41,die,low,41.79,1.56,1,1,0
Cast Iron,1210.33,sand,medium,10.5,0.9,0,0,0
Steel,1460.16,die,medium,13.23,1.14,1,1,0
Aluminum,653.76,sand,high,47.79,2.81,0,0,1
Aluminum,726.81,sand,medium,42.91,0.85,0,1,1
Steel,1507.82,sand,high,22.46,2.92,1,0,0
Aluminum,663.39,die,medium,33.73,1.76,0,1,1
Aluminum,668.45,sand,low,47.43,1.64,0,1,1
Cast Iron,1303.23,die,medium,14.53,0.94,0,1,0
Cast Iron,1269.78,ceramic,high,7.66,2.15,0,0,0
Steel,1525.21,sand,high,29.19,1.65,1,1,1
Steel,1543.45,sand,high,11.42,1.43,0,0,0
Aluminum,663.75,ceramic,medium,13.43,1.16,0,0,1
Cast Iron,1213.81,ceramic,medium,45.12,0.67,0,1,1
Steel,1506.11,sand,high,5.33,1.8,1,0,0
Steel,1497.17,ceramic,low,41.76,1.28,1,1,1
Steel,1579.66,die,low,28.26,2.27,1,1,0
Steel,1537.21,die,medium,30.17,2.31,1,1,0
Steel,1559.4,sand,medium,35.23,1.33,1,1,1
Steel,1485.51,die,high,24.42,2.17,1,0,0
Aluminum,676.41,die,medium,10.2,1.15,0,0,0
Cast Iron,1195.07,sand,medium,9.63,2.32,0,0,0
Cast Iron,1287.6,ceramic,high,38.95,0.54,0,0,1
Steel,1502.36,sand,high,14.95,0.88,0,0,0
Cast Iron,1231.02,die,medium,6.26,1.11,0,1,0
Cast Iron,1291.82,sand,low,49.08,2.43,1,1,1
Cast Iron,1344.36,sand,medium,49.12,0.67,0,1,1
Steel,1474.28,die,low,22.02,0.97,1,1,0
Steel,1459.4,die,low,6.15,1.4,1,1,0
Cast Iron,1188.97,sand,low,37.73,0.52,0,1,1
Cast Iron,1296.99,die,high,42.4,2.41,1,1,1
Steel,1479.19,die,high,10.63,1.9,1,0,0
Aluminum,708.44,die,high,11.1,2.75,0,0,0
Cast Iron,1268.06,die,medium,42.0,0.58,0,1,1
Aluminum,679.44,die,high,46.49,1.18,0,0,1
Cast Iron,1163.75,die,high,40.58,2.33,1,1,1
Aluminum,689.92,ceramic,medium,14.03,2.19,0,0,1
Aluminum,668.68,sand,medium,23.52,1.11,0,0,1
Aluminum,668.45,die,low,32.04,1.99,0,1,1
Steel,1528.39,sand,medium,12.21,2.48,1,1,0
Aluminum,717.31,ceramic,medium,14.48,0.58,0,0,1
Aluminum,657.54,die,high,17.73,2.29,0,0,1
Aluminum,707.83,sand,low,27.93,1.13,0,1,1
Cast Iron,1199.24,die,low,27.99,2.87,1,1,0
Aluminum,717.33,die,medium,41.64,1.85,0,1,1
Cast Iron,1312.04,die,high,38.89,0.58,0,1,1
Aluminum,730.7,die,high,46.12,1.51,0,0,1
Aluminum,686.99,die,high,42.48,2.92,0,0,1
Steel,1535.09,die,high,16.42,2.33,1,0,0
Cast Iron,1308.74,die,medium,19.91,1.25,0,1,0
Aluminum,656.08,ceramic,high,27.52,1.94,0,0,1
Cast Iron,1271.12,ceramic,low,5.64,2.0,1,1,0
Cast Iron,1317.3,die,low,45.68,0.56,0,1,1
Steel,1505.85,die,medium,7.0,0.95,1,1,0
Steel,1518.31,ceramic,high,19.51,1.88,1,0,0
Steel,1554.81,ceramic,high,30.61,1.51,0,0,0
Steel,1460.18,ceramic,high,28.3,0.98,0,1,1
Steel,1507.85,die,high,34.45,2.43,1,0,0
Steel,1494.36,sand,medium,28.74,1.72,1,1,0
Steel,1452.55,sand,high,15.31,1.27,0,0,0
Steel,1479.4,sand,medium,14.05,0.9,0,1,0
Aluminum,689.59,sand,high,45.83,2.03,0,0,1
Cast Iron,1189.49,die,high,16.88,2.17,0,0,0
Steel,1540.36,sand,low,17.64,2.17,1,1,0
Steel,1517.3,ceramic,medium,23.58,1.05,1,1,0
Cast Iron,1157.9,ceramic,low,11.27,1.99,1,1,0
Aluminum,677.5,sand,medium,27.83,2.76,0,0,1
Cast Iron,1153.9,ceramic,high,34.93,1.38,0,0,1
Cast Iron,1221.63,die,high,40.37,1.03,0,1,1
Steel,1488.87,sand,medium,37.02,2.43,1,1,1
Cast Iron,1287.64,sand,low,11.64,0.94,0,1,0
Cast Iron,1211.48,die,medium,25.52,1.13,0,1,0
Steel,1506.27,ceramic,medium,6.74,0.75,1,1,0
Steel,1558.8,die,high,5.8,1.17,1,1,0
Steel,1522.14,die,low,24.81,1.53,1,1,0
Steel,1533.47,ceramic,medium,16.38,0.66,0,1,0
Cast Iron,1318.27,die,low,35.75,2.68,1,1,0
Cast Iron,1191.38,ceramic,low,37.59,1.78,1,1,1
Aluminum,748.92,ceramic,medium,45.29,1.97,0,1,1
Aluminum,740.01,die,low,39.23,1.43,0,1,1
Cast Iron,1207.31,ceramic,high,7.17,2.17,0,0,0
Aluminum,739.29,die,high,21.72,1.58,0,0,1
Cast Iron,1300.79,ceramic,high,17.29,2.4,1,1,1
Aluminum,743.08,sand,high,22.38,2.55,0,0,1
Steel,1553.67,ceramic,low,12.2,2.18,1,1,0
Aluminum,717.45,ceramic,high,9.4,1.73,0,0,1
Steel,1450.52,die,medium,28.44,2.46,1,1,0
Steel,1521.19,ceramic,high,37.42,1.74,1,1,0
Steel,1480.04,sand,medium,36.59,0.78,0,1,0
Steel,1498.61,sand,medium,25.29,0.79,1,1,0
Aluminum,747.88,ceramic,high,28.5,2.87,0,0,1
Cast Iron,1167.1,ceramic,high,28.23,1.03,0,0,1
Steel,1558.37,sand,low,36.12,2.54,1,1,0
Aluminum,667.29,die,medium,7.16,1.12,0,0,0
Steel,1451.11,sand,high,36.95,1.58,0,1,1
Aluminum,700.14,sand,low,31.2,2.14,0,1,1
Aluminum,666.12,ceramic,high,13.91,0.9,0,0,1
Aluminum,746.55,ceramic,high,7.21,2.34,0,0,1
Cast Iron,1190.74,sand,high,9.88,2.22,0,0,0
Aluminum,669.2,die,medium,28.61,1.86,0,1,1
Aluminum,653.22,sand,high,39.13,1.91,0,0,1
Cast Iron,1215.96,sand,low,20.06,0.76,0,1,0
Cast Iron,1154.82,die,high,22.06,1.59,0,0,0
Aluminum,699.89,sand,high,47.04,0.72,0,0,1
Cast Iron,1251.12,sand,low,14.59,1.27,1,1,0
Steel,1457.99,ceramic,low,9.67,2.75,1,1,0
Steel,1486.01,die,medium,20.45,1.94,1,1,0
Cast Iron,1316.42,ceramic,medium,38.57,2.36,1,1,1
Cast Iron,1242.51,ceramic,medium,33.17,1.93,0,1,1
Aluminum,693.46,die,medium,23.71,0.99,0,1,1
Cast Iron,1289.76,die,low,48.41,1.99,1,1,1
Aluminum,721.49,sand,high,38.07,2.39,0,0,1
Steel,1564.29,ceramic,high,7.78,0.85,1,1,0
Cast Iron,1316.1,die,high,38.51,2.54,1,0,0
Aluminum,673.23,ceramic,medium,6.08,1.89,0,0,1
Aluminum,656.64,ceramic,low,34.26,0.51,0,1,1
Steel,1507.04,die,low,14.47,1.8,1,1,0
Cast Iron,1321.02,sand,low,36.34,1.49,1,1,1
Steel,1461.7,ceramic,high,18.94,1.24,0,0,0
Aluminum,707.6,die,medium,44.29,2.43,0,1,1
Aluminum,720.11,sand,low,20.16,2.75,1,1,1
Cast Iron,1246.28,ceramic,medium,32.89,2.41,1,1,1
Aluminum,675.52,die,low,17.87,2.62,1,1,1
Cast Iron,1215.26,ceramic,medium,46.27,2.77,1,1,1
Steel,1460.75,die,low,40.14,2.78,1,1,1
Cast Iron,1208.52,die,medium,15.95,0.79,0,1,0
Cast Iron,1158.88,ceramic,low,47.7,1.64,1,1,1
Aluminum,722.63,ceramic,low,21.07,0.5,0,1,1
Aluminum,739.8,die,medium,34.33,1.77,0,1,1
Cast Iron,1276.7,sand,medium,38.43,2.81,1,1,1
Aluminum,715.67,ceramic,high,6.03,1.0,0,0,1
Aluminum,697.21,die,medium,48.15,2.1,0,1,1
Aluminum,665.6,die,low,20.5,2.11,0,1,1
Cast Iron,1151.55,sand,low,13.54,0.9,1,1,1
Aluminum,684.4,sand,medium,43.28,1.1,0,1,1
Cast Iron,1300.3,sand,high,36.63,1.66,0,1,1
Aluminum,746.04,ceramic,medium,8.9,0.97,0,0,1
Steel,1514.66,die,low,10.27,1.96,1,1,0
Aluminum,686.54,die,low,37.18,1.71,0,1,1
Aluminum,694.6,die,high,8.37,1.8,0,0,0
Cast Iron,1235.55,sand,medium,46.27,0.84,0,1,1
Cast Iron,1275.18,die,low,38.37,1.79,1,1,1
Aluminum,723.41,ceramic,low,20.1,0.62,0,1,1
Steel,1567.74,sand,low,21.33,2.7,1,1,0
Aluminum,714.96,sand,medium,27.79,1.36,0,0,1
Aluminum,693.77,sand,medium,21.24,2.64,0,0,1
Steel,1592.52,sand,high,40.26,2.25,1,1,0
Cast Iron,1292.2,ceramic,low,48.86,2.42,1,1,1
Aluminum,692.67,die,low,31.3,1.29,0,1,1
Cast Iron,1239.32,ceramic,high,25.07,1.07,0,0,1
Cast Iron,1313.6,die,low,15.02,1.52,1,1,0
Steel,1516.08,ceramic,high,34.4,0.56,0,1,1
Steel,1527.44,sand,high,35.85,2.8,1,1,0
Cast Iron,1208.31,sand,low,35.83,1.47,1,1,1
Aluminum,733.89,ceramic,medium,6.21,2.97,1,0,1
Cast Iron,1254.46,ceramic,medium,45.46,2.4,1,1,1
Aluminum,705.25,die,medium,20.21,0.7,0,0,0
Aluminum,738.07,ceramic,medium,38.49,2.15,0,1,1
Steel,1588.08,ceramic,low,39.19,1.18,1,1,0
Aluminum,732.42,die,high,34.27,1.11,0,0,1
Aluminum,656.54,die,high,22.77,1.14,0,0,1
Cast Iron,1238.7,die,low,32.38,2.79,1,1,1
Steel,1501.5,ceramic,medium,6.81,1.75,1,1,0
Aluminum,671.35,die,high,39.29,2.17,0,0,1
Aluminum,740.9,sand,low,9.48,1.2,0,1,1
Steel,1583.51,sand,low,22.85,1.81,1,1,0
Cast Iron,1243.06,sand,medium,9.66,1.38,0,1,0
Steel,1470.18,ceramic,low,42.67,1.3,1,1,1
Steel,1452.0,sand,high,29.76,1.12,0,0,0
Aluminum,693.85,ceramic,high,36.09,1.52,0,0,1
Aluminum,654.0,ceramic,low,35.72,2.15,0,1,1
Cast Iron,1271.91,sand,high,42.87,1.06,0,1,1
Aluminum,710.84,die,low,10.97,2.91,1,1,0
Aluminum,739.89,ceramic,high,34.69,0.81,0,0,1
Steel,1478.51,sand,medium,30.88,1.7,1,1,0
Aluminum,687.14,ceramic,high,6.39,0.71,0,0,1
Cast Iron,1321.91,die,medium,14.06,0.56,0,1,0
Steel,1521.14,die,medium,17.04,2.81,1,1,0
Cast Iron,1161.94,sand,low,8.27,2.53,1,1,0
Steel,1466.62,ceramic,medium,20.96,2.24,1,1,0
Aluminum,731.35,ceramic,high,6.22,2.66,0,0,1
Steel,1561.55,ceramic,high,29.89,2.51,1,1,0
Steel,1581.38,ceramic,medium,14.52,2.12,1,1,0
Aluminum,661.89,sand,low,17.92,2.62,1,1,1
Aluminum,726.04,die,medium,45.97,1.48,0,1,1
Cast Iron,1281.02,sand,high,27.63,1.88,0,0,0
Cast Iron,1196.46,ceramic,high,17.11,2.44,0,0,0
Aluminum,747.39,ceramic,medium,31.93,0.71,0,1,1
Aluminum,707.04,die,medium,14.08,2.65,0,0,1
Aluminum,740.69,ceramic,medium,8.35,0.89,0,0,1
Steel,1578.86,sand,high,5.94,2.66,1,0,0
Steel,1499.97,sand,high,47.82,1.28,0,1,1
Steel,1530.39,die,high,37.61,1.32,1,1,0
Aluminum,693.14,sand,low,41.0,0.68,0,1,1
Cast Iron,1291.82,sand,high,49.14,2.71,1,1,1
Aluminum,708.8,sand,high,46.92,0.94,0,0,1
Steel,1567.73,sand,low,38.16,2.08,1,1,1
Steel,1451.76,ceramic,low,36.23,2.11,1,1,0
Aluminum,718.78,sand,low,20.16,1.2,0,1,1
Aluminum,681.91,die,low,9.68,2.96,1,1,0
Steel,1483.63,die,low,30.82,0.66,1,1,0
Steel,1570.19,sand,low,30.93,2.02,1,1,1
Steel,1463.38,die,medium,47.85,1.7,1,1,1
Aluminum,672.85,sand,medium,24.92,1.11,0,0,1
Steel,1480.56,die,medium,36.09,0.91,1,1,0
Steel,1512.97,die,medium,30.87,2.34,1,1,0
Cast Iron,1214.47,sand,high,12.95,2.79,1,0,0
Aluminum,722.05,sand,low,31.64,0.77,0,1,1
Cast Iron,1289.87,ceramic,high,29.31,0.98,0,0,0
Cast Iron,1215.09,sand,low,27.23,2.97,1,1,1
Steel,1515.55,sand,low,28.1,0.54,1,1,0
Aluminum,670.79,ceramic,high,12.38,1.77,0,0,1
Steel,1550.63,sand,medium,25.86,1.79,1,1,0
Aluminum,689.62,sand,high,32.25,1.16,0,0,1
Cast Iron,1176.57,ceramic,high,27.03,2.16,0,0,1
Aluminum,662.73,sand,low,26.99,2.86,1,1,1
Steel,1498.35,sand,low,8.49,1.63,1,1,0
Steel,1562.1,ceramic,low,13.58,2.37,1,1,0
Steel,1453.83,ceramic,medium,19.44,2.12,1,1,0
Aluminum,675.78,die,high,23.87,1.68,0,0,1
Cast Iron,1182.5,sand,high,31.73,0.62,0,1,1
Cast Iron,1341.3,die,medium,43.85,2.35,1,1,1
Aluminum,720.53,die,high,12.16,1.41,0,0,1
Steel,1484.98,ceramic,high,5.68,1.06,0,0,0
Cast Iron,1191.49,sand,low,25.22,2.87,1,1,1
Steel,1578.7,sand,medium,24.44,2.43,1,1,0
Aluminum,669.02,ceramic,low,29.84,2.91,1,1,1
Steel,1599.56,die,medium,42.49,1.14,1,1,0
Cast Iron,1206.46,ceramic,low,41.11,2.59,1,1,1
Cast Iron,1166.87,sand,high,9.5,2.02,0,0,0
Steel,1553.64,ceramic,medium,47.03,2.95,1,1,1
Aluminum,710.96,sand,medium,9.97,2.87,1,0,1
Steel,1599.97,die,low,33.56,2.93,1,1,0
Aluminum,730.21,sand,medium,35.26,2.88,0,1,1
Steel,1514.33,die,high,35.59,0.52,0,1,0
Cast Iron,1285.32,die,high,16.94,2.35,0,0,0
Aluminum,731.78,sand,high,19.87,1.18,0,0,1
Aluminum,701.37,sand,low,29.69,2.26,1,1,1
Aluminum,677.29,die,medium,13.98,2.95,0,0,0
Cast Iron,1192.02,ceramic,low,5.91,0.6,0,1,0
Steel,1494.29,sand,high,30.3,1.92,0,0,0
Cast Iron,1319.61,die,medium,25.94,2.34,1,1,0
Aluminum,688.04,die,high,34.55,1.13,0,0,1
Steel,1493.0,ceramic,medium,11.6,1.06,0,0,0
Cast Iron,1311.18,sand,medium,42.84,0.65,0,1,1
Aluminum,653.19,die,low,11.58,0.73,0,1,1
Aluminum,709.4,ceramic,medium,45.11,2.14,0,1,1
Cast Iron,1324.73,die,high,25.23,1.76,1,1,0
Cast Iron,1232.02,sand,medium,29.74,0.58,1,1,1
Cast Iron,1203.86,ceramic,high,45.35,2.92,1,0,1
Aluminum,699.17,die,low,18.5,2.14,1,1,1
Cast Iron,1293.5,ceramic,high,13.18,1.79,1,0,0
Aluminum,701.66,sand,medium,25.06,1.18,0,0,1
Cast Iron,1151.53,ceramic,high,16.0,2.15,0,0,1
Aluminum,657.83,sand,high,28.75,1.41,0,0,1
Aluminum,722.13,die,medium,17.39,2.26,0,0,1
Steel,1509.99,sand,high,43.9,2.21,0,0,0
Cast Iron,1306.96,die,medium,32.33,0.73,0,1,0
Cast Iron,1279.9,die,low,5.01,2.77,1,1,0
Aluminum,708.15,sand,high,41.25,1.72,0,0,1
Aluminum,740.14,die,low,19.86,1.48,0,1,1
Aluminum,652.13,ceramic,high,19.41,2.89,0,0,1
Steel,1473.26,die,high,22.24,1.6,1,0,0
Steel,1543.66,sand,low,33.36,2.3,1,1,0
Aluminum,656.58,ceramic,high,24.89,2.14,0,0,1
Cast Iron,1278.99,ceramic,high,33.29,0.91,0,0,1
Cast Iron,1346.82,die,low,11.61,2.98,1,1,0
Steel,1581.82,die,high,48.66,1.66,1,1,0
Steel,1538.64,sand,medium,37.83,1.49,1,1,0
Aluminum,739.4,ceramic,high,16.26,2.8,0,0,1
Cast Iron,1173.25,sand,high,37.59,1.82,0,0,1
Aluminum,695.47,die,high,30.88,2.26,0,0,1
Steel,1514.3,ceramic,low,9.91,2.62,1,1,0
Cast Iron,1217.29,sand,medium,13.02,1.09,0,0,0
Cast Iron,1150.04,sand,medium,6.86,0.92,0,0,0
Steel,1583.65,sand,high,41.42,0.67,0,0,0
Aluminum,727.77,sand,low,29.83,2.74,1,1,1
Aluminum,715.29,sand,low,19.25,1.0,0,1,1
Cast Iron,1175.79,ceramic,medium,10.69,1.27,1,1,0
Steel,1506.73,sand,low,26.78,1.21,1,1,0
Cast Iron,1334.87,ceramic,high,28.64,1.26,0,1,1
Steel,1542.54,sand,high,36.59,2.17,1,0,0
Aluminum,710.34,die,low,48.65,2.89,1,1,1
Steel,1586.97,die,high,24.57,1.32,0,0,0
Aluminum,705.98,sand,medium,23.27,1.52,0,1,1
Steel,1539.64,die,high,21.65,2.43,1,0,0
Cast Iron,1219.14,ceramic,low,42.21,1.58,1,1,1
Aluminum,687.14,sand,medium,12.03,2.82,0,0,1
Cast Iron,1287.12,ceramic,high,20.47,1.76,0,0,0
Cast Iron,1214.09,sand,medium,37.62,1.37,0,1,1
Aluminum,705.91,die,low,5.71,2.93,1,1,1
Aluminum,677.92,ceramic,high,18.02,1.56,0,0,1
Cast Iron,1183.23,die,high,33.87,1.08,0,0,0
Cast Iron,1240.88,die,medium,13.37,0.94,1,1,0
Cast Iron,1193.49,sand,high,18.62,2.99,1,0,1
Cast Iron,1329.7,ceramic,high,26.87,2.38,1,0,0
Aluminum,680.36,die,high,23.99,1.52,0,0,1
Aluminum,709.74,sand,high,9.77,2.57,0,0,1
Cast Iron,1202.69,sand,low,47.22,1.87,1,1,1
Steel,1488.7,sand,high,6.99,1.29,0,0,0
Steel,1502.6,die,medium,38.74,2.36,1,1,0
Aluminum,741.59,sand,low,8.21,2.36,1,1,1
Cast Iron,1228.3,ceramic,medium,26.03,1.75,1,1,1
Cast Iron,1314.25,ceramic,medium,12.89,0.61,0,1,0
Aluminum,669.73,die,medium,11.35,0.69,0,0,0
Steel,1457.23,ceramic,low,10.67,2.47,1,1,0
Steel,1567.25,sand,low,25.38,2.56,1,1,0
Steel,1531.28,die,low,28.2,2.2,1,1,0
Aluminum,700.37,sand,high,11.0,2.6,0,0,1
Steel,1490.83,die,medium,49.07,2.3,1,1,0
Aluminum,657.23,die,low,16.6,2.74,1,1,1
Aluminum,698.29,sand,medium,25.65,0.88,0,1,1
Cast Iron,1323.45,ceramic,low,14.73,1.47,1,1,0
Steel,1468.0,ceramic,low,27.23,1.66,1,1,0
Aluminum,742.92,die,low,39.02,1.24,0,1,1
Steel,1491.21,sand,medium,28.45,2.31,1,1,0
Steel,1529.83,sand,high,17.85,2.78,1,1,0
Cast Iron,1163.3,die,low,16.18,1.53,1,1,0
Steel,1513.76,ceramic,low,39.15,2.85,1,1,1
Cast Iron,1175.18,sand,low,10.32,1.79,1,1,0
Aluminum,654.8,ceramic,high,21.65,1.81,0,0,1
Steel,1594.98,ceramic,medium,11.82,2.0,1,1,0
Aluminum,723.01,die,medium,16.61,1.17,0,0,0
Steel,1557.86,die,medium,11.87,1.46,1,1,0
Aluminum,659.05,ceramic,medium,44.9,1.88,0,1,1
Steel,1589.4,sand,low,37.94,2.85,1,1,0
Steel,1520.42,sand,high,30.24,2.11,1,0,0
Steel,1577.84,die,low,15.1,1.33,1,1,0
Steel,1451.89,ceramic,high,27.96,0.53,0,0,0
Steel,1494.73,sand,medium,28.44,2.95,1,1,0
Steel,1599.41,sand,high,31.57,1.73,1,1,0
Steel,1514.18,die,low,7.7,2.85,1,1,0
Steel,1583.27,ceramic,low,48.78,1.87,1,1,1
Steel,1499.2,sand,medium,25.94,2.01,1,1,1
Aluminum,702.53,die,low,46.69,2.28,1,1,1
Cast Iron,1320.84,sand,low,5.44,1.3,1,1,0
Steel,1540.87,sand,high,16.14,2.25,1,1,0
Cast Iron,1295.04,sand,low,9.68,1.82,1,1,0
Steel,1484.32,die,medium,39.63,2.18,1,1,0
Steel,1473.38,ceramic,medium,19.41,2.59,1,1,0
Aluminum,673.03,die,low,42.82,0.96,0,1,1
Aluminum,699.3,ceramic,medium,42.46,2.03,0,0,1
Cast Iron,1310.19,sand,high,35.05,0.63,0,1,1
Aluminum,685.4,ceramic,high,34.96,0.76,0,0,1
Aluminum,706.48,sand,low,36.51,2.19,1,1,1
Cast Iron,1310.96,sand,low,35.32,0.68,0,1,0
Aluminum,673.88,die,high,22.41,1.99,0,0,1
Steel,1582.45,sand,medium,35.73,1.05,1,1,0
Cast Iron,1340.62,die,low,45.38,1.26,1,1,0
Cast Iron,1157.79,ceramic,low,19.97,0.82,0,1,0
Steel,1458.87,ceramic,medium,47.52,1.12,1,1,1
Aluminum,659.1,sand,low,5.61,2.55,0,0,0
Cast Iron,1305.35,die,medium,20.71,2.1,1,1,0
Cast Iron,1187.87,sand,medium,10.94,2.87,1,1,0
Steel,1558.85,die,medium,10.7,0.62,1,1,0
Steel,1516.19,die,medium,41.69,2.48,1,1,0
Aluminum,733.63,die,medium,46.33,2.25,0,0,1
Cast Iron,1311.71,ceramic,high,40.0,1.15,0,1,1
Aluminum,745.97,die,medium,48.95,2.32,1,1,1
Aluminum,675.1,ceramic,high,14.73,2.29,0,0,1
Steel,1484.39,die,medium,11.34,1.65,1,1,0
Cast Iron,1156.3,ceramic,low,28.43,2.22,1,1,1
Cast Iron,1232.08,ceramic,high,42.31,1.61,0,0,1
Cast Iron,1241.81,ceramic,low,6.79,1.34,1,1,0
Steel,1594.68,sand,medium,49.8,1.67,1,1,1
Steel,1574.62,die,medium,32.1,2.74,1,1,0
Steel,1475.02,sand,low,49.05,1.46,1,1,1
Steel,1569.77,die,medium,21.43,1.51,1,1,0
Steel,1476.74,die,low,25.61,2.02,1,1,0
Cast Iron,1165.55,sand,medium,38.86,2.38,1,1,1
Aluminum,733.71,ceramic,medium,40.67,2.34,0,1,1
Cast Iron,1345.19,die,high,15.49,0.55,0,0,0
Aluminum,658.81,ceramic,low,46.84,2.22,0,1,1
Steel,1572.09,sand,medium,44.03,1.63,1,1,1
Aluminum,735.92,ceramic,low,5.82,1.81,0,1,0
Cast Iron,1173.75,die,high,10.79,1.9,0,0,0
Cast Iron,1206.65,die,low,27.32,2.33,1,1,0
Aluminum,723.37,die,high,25.74,2.58,0,0,1
Steel,1571.16,sand,low,36.88,2.12,1,1,0
Steel,1503.1,die,low,9.04,1.91,1,1,0
Cast Iron,1181.99,sand,high,34.02,1.43,0,1,1
Aluminum,714.83,ceramic,medium,32.74,0.84,0,1,1
Steel,1555.3,die,medium,15.51,2.9,1,1,0
Steel,1525.54,die,medium,29.41,1.65,1,1,0
Cast Iron,1178.99,die,low,15.0,1.92,1,1,0
Steel,1576.67,ceramic,low,11.61,2.38,1,1,0
Aluminum,714.53,die,medium,30.79,0.67,0,1,1
Cast Iron,1323.83,sand,low,48.99,2.64,1,1,1
Cast Iron,1336.59,ceramic,low,15.66,2.49,1,1,0
Aluminum,730.57,ceramic,medium,20.99,2.44,0,0,1
Cast Iron,1341.73,ceramic,high,16.55,0.55,0,0,0
Steel,1593.14,ceramic,low,16.99,1.82,1,1,0
Steel,1542.9,ceramic,low,23.19,0.64,1,1,0
Aluminum,722.82,sand,low,36.58,1.88,1,1,1
Steel,1554.91,ceramic,low,6.75,2.3,1,1,0
Aluminum,712.11,die,high,48.07,0.8,0,0,1
Aluminum,651.94,ceramic,medium,7.08,2.24,0,0,1
Steel,1503.39,ceramic,low,44.66,1.62,1,1,1
Aluminum,660.01,ceramic,medium,45.25,2.53,1,1,1
Steel,1495.04,ceramic,low,28.6,1.83,1,1,0
Cast Iron,1163.71,ceramic,high,11.16,1.34,0,0,0
Cast Iron,1334.01,sand,medium,30.43,1.33,1,1,1
Aluminum,695.13,sand,high,33.29,2.74,0,0,1
Steel,1478.4,ceramic,low,43.6,1.63,1,1,1
Steel,1537.72,sand,high,29.79,1.51,0,0,0
Cast Iron,1189.29,die,high,23.48,0.6,0,0,0
Cast Iron,1310.89,ceramic,low,42.72,1.41,1,1,1
Steel,1495.89,die,low,49.14,2.62,1,1,0
Aluminum,681.49,die,medium,34.03,2.4,0,0,1
Cast Iron,1323.99,ceramic,low,44.35,1.05,1,1,1
Aluminum,705.92,die,medium,31.94,1.53,0,1,1
Aluminum,738.73,die,high,36.04,0.99,0,0,1
Cast Iron,1232.58,die,high,35.97,2.89,1,0,0
Aluminum,684.39,ceramic,medium,36.72,2.0,0,0,1
Aluminum,700.62,ceramic,low,19.45,2.39,0,1,1
Steel,1459.22,die,low,30.9,2.28,1,1,0
Aluminum,665.42,ceramic,high,31.74,2.68,0,0,1
Steel,1482.93,ceramic,medium,19.18,2.87,1,1,0
Cast Iron,1313.34,die,high,20.74,0.58,0,0,0
Cast Iron,1296.76,ceramic,high,39.3,2.94,1,0,1
Steel,1479.0,sand,low,31.22,2.68,1,1,0
Cast Iron,1205.35,ceramic,medium,11.71,1.46,0,1,0
Aluminum,744.43,sand,high,42.69,2.59,0,0,1
Aluminum,658.58,die,low,44.74,2.34,1,1,1
Aluminum,704.75,ceramic,high,25.98,2.48,0,0,1
Cast Iron,1254.4,die,high,14.4,1.05,0,0,0
Aluminum,722.57,die,low,47.64,2.12,1,1,1
Cast Iron,1202.29,die,low,44.7,0.56,1,1,1
Aluminum,743.48,die,medium,16.0,2.62,1,1,1
Steel,1511.59,die,high,9.3,2.88,1,0,0
Cast Iron,1207.14,ceramic,medium,24.83,2.16,0,0,0
Cast Iron,1217.37,sand,low,35.44,1.78,1,1,1
Aluminum,684.87,ceramic,low,12.89,2.31,1,1,1
Cast Iron,1189.79,ceramic,high,28.09,1.32,0,0,1
Cast Iron,1335.61,ceramic,medium,24.14,2.07,1,1,0
Steel,1476.23,ceramic,medium,45.07,2.3,1,1,1
Steel,1582.42,sand,high,24.33,0.86,0,1,0
Aluminum,690.49,ceramic,high,29.02,0.85,0,0,1
Steel,1490.39,die,medium,47.99,2.29,1,1,0
Aluminum,669.85,ceramic,low,18.49,1.58,0,1,1
Aluminum,700.43,ceramic,low,18.0,2.72,1,1,1
Aluminum,716.93,sand,high,40.98,1.28,0,0,1
Cast Iron,1329.64,sand,medium,17.49,0.61,0,1,0
Steel,1547.87,die,medium,42.43,2.12,1,1,1
Aluminum,698.37,ceramic,medium,9.3,2.21,1,1,1
Steel,1455.02,ceramic,low,10.01,1.88,1,1,0
Aluminum,741.54,ceramic,low,45.56,2.21,1,1,1
Steel,1585.36,die,medium,29.34,1.81,1,1,0
Steel,1506.81,sand,medium,37.35,2.23,1,1,1
Aluminum,652.9,die,high,15.14,0.61,0,0,1
Cast Iron,1296.67,ceramic,high,12.48,1.42,0,0,0
Steel,1568.75,sand,medium,42.57,1.03,1,1,1
Cast Iron,1258.49,sand,medium,21.14,0.75,0,1,0
Cast Iron,1230.57,die,low,25.48,1.09,0,1,0
Aluminum,735.11,sand,medium,6.26,0.98,0,0,1
Aluminum,669.25,sand,high,22.36,2.93,0,0,1
Aluminum,693.96,ceramic,low,39.67,1.22,0,1,1
Steel,1453.67,ceramic,high,41.96,1.08,0,1,1
Aluminum,666.4,sand,high,36.44,2.59,0,0,1
Aluminum,744.08,sand,low,36.15,1.55,0,1,1
Steel,1536.71,die,high,27.78,1.55,1,1,0
Steel,1570.84,die,medium,29.22,1.61,1,1,0
Aluminum,698.65,sand,high,38.42,1.54,0,0,1
Aluminum,733.48,ceramic,low,16.13,1.32,0,1,1
Aluminum,703.9,sand,low,15.42,1.22,0,1,1
Aluminum,650.45,sand,low,47.75,2.7,1,1,1
Cast Iron,1329.94,ceramic,high,6.25,0.9,0,0,0
Cast Iron,1179.71,ceramic,medium,11.28,0.95,0,1,0
Aluminum,695.06,die,low,30.66,1.93,0,1,1
Cast Iron,1245.33,die,medium,38.2,1.36,0,1,0
Steel,1457.09,die,low,29.21,1.55,1,1,0
Cast Iron,1160.61,die,medium,20.98,2.52,1,1,1
Cast Iron,1302.51,ceramic,medium,49.01,2.76,1,1,1
Aluminum,680.05,sand,medium,36.67,2.48,0,0,1
Cast Iron,1231.93,die,low,42.41,1.09,1,1,0
Cast Iron,1262.82,die,high,6.81,2.95,1,0,0
Cast Iron,1224.68,ceramic,high,15.62,1.41,0,0,0
Cast Iron,1305.01,ceramic,high,21.84,0.92,0,1,1
Steel,1582.67,sand,medium,13.22,1.75,1,1,0
Aluminum,655.97,sand,low,8.28,2.31,1,1,1
Aluminum,713.54,ceramic,medium,15.13,0.71,0,0,1
Steel,1497.65,die,low,29.01,2.09,1,1,0
Cast Iron,1266.66,die,medium,36.31,2.65,1,1,0
Steel,1522.59,die,low,39.83,1.15,1,1,0
Cast Iron,1216.74,sand,low,6.93,2.23,1,1,0
Steel,1464.22,die,low,24.26,1.5,1,1,0
Aluminum,705.94,die,medium,10.5,1.54,0,0,1
Aluminum,661.28,ceramic,high,24.4,1.2,0,0,1
Aluminum,665.61,die,medium,24.53,2.06,0,0,1
Cast Iron,1346.44,ceramic,medium,27.42,1.4,1,1,0
Cast Iron,1213.34,die,low,45.18,2.58,1,1,1
Steel,1537.67,sand,low,41.23,2.91,1,1,1
Steel,1490.83,die,high,33.65,2.84,1,1,0
Aluminum,736.55,die,high,44.84,0.91,0,0,1
Cast Iron,1206.67,ceramic,low,35.53,0.54,0,1,1
Steel,1505.03,ceramic,high,41.85,1.6,1,1,1
Cast Iron,1271.68,ceramic,high,30.37,2.32,1,1,1
Cast Iron,1324.0,die,low,28.63,2.94,1,1,0
Aluminum,731.62,die,medium,37.58,2.46,0,0,1
Aluminum,676.39,sand,high,5.89,1.95,0,0,1
Cast Iron,1315.91,die,low,36.07,0.57,1,1,0
Cast Iron,1290.24,sand,high,47.05,2.56,0,0,1
Cast Iron,1347.97,ceramic,high,37.13,0.94,0,1,1
Cast Iron,1337.09,ceramic,low,6.66,0.64,1,1,0
Aluminum,703.31,ceramic,high,22.0,2.63,0,0,1
Steel,1562.49,sand,high,41.43,1.92,0,0,0
Aluminum,707.02,die,high,48.14,0.82,0,0,1
Steel,1539.25,ceramic,medium,21.66,1.47,1,1,0
Cast Iron,1170.3,die,medium,42.85,0.71,0,1,1
Steel,1450.34,die,high,43.87,2.1,1,1,0
Aluminum,654.82,ceramic,low,10.55,1.21,0,0,0
Aluminum,746.66,sand,high,43.06,2.67,0,0,1
Cast Iron,1175.25,die,high,19.59,1.39,0,0,0
Aluminum,654.44,ceramic,medium,31.7,1.74,0,0,1
Cast Iron,1211.93,die,medium,29.25,0.66,0,1,0
Aluminum,708.82,die,medium,34.84,1.19,0,0,1
Aluminum,744.85,die,high,38.32,2.19,0,0,1
Cast Iron,1289.98,die,high,24.84,2.34,1,1,0
Steel,1491.45,die,low,44.97,1.11,1,1,0
Aluminum,743.91,sand,high,41.43,1.76,0,0,1
Steel,1455.41,sand,high,40.34,2.54,1,1,1
Aluminum,747.91,ceramic,medium,25.62,1.45,0,0,1
Aluminum,655.86,sand,medium,6.69,0.83,0,0,1
Aluminum,725.38,sand,medium,27.15,1.58,0,1,1
Aluminum,654.53,sand,medium,45.43,2.0,0,0,1
Steel,1589.73,die,medium,13.57,0.52,0,1,0
Steel,1466.3,die,low,49.22,1.37,1,1,0
Aluminum,655.05,ceramic,low,41.35,2.02,0,1,1
Aluminum,738.93,ceramic,low,36.94,2.88,1,1,1
Steel,1464.37,ceramic,medium,35.47,1.52,1,1,0
Cast Iron,1309.59,die,medium,31.42,0.91,0,1,0
Cast Iron,1299.41,sand,medium,37.43,1.84,1,1,1
Steel,1539.83,sand,low,23.99,1.21,1,1,0
Aluminum,687.8,die,medium,43.04,1.04,0,0,1
Aluminum,741.56,ceramic,low,36.34,1.98,1,1,1
Cast Iron,1324.22,ceramic,medium,39.71,2.79,1,1,1
Cast Iron,1235.25,ceramic,high,40.66,2.59,1,1,1
Steel,1484.76,die,low,9.14,0.96,1,1,0
Cast Iron,1204.51,ceramic,high,7.5,2.41,0,0,0
Steel,1483.05,ceramic,low,41.04,1.07,1,1,1
Cast Iron,1258.25,die,medium,16.67,1.23,0,1,0
Cast Iron,1323.71,sand,medium,31.19,2.8,1,1,1
Cast Iron,1304.72,die,high,24.97,2.78,1,1,0
Aluminum,729.55,die,medium,5.99,0.92,0,0,0
Aluminum,694.83,die,low,6.81,0.66,0,1,1
Aluminum,682.24,die,medium,42.22,1.23,0,1,1
Cast Iron,1301.47,sand,medium,32.35,1.95,1,1,1
Steel,1568.99,ceramic,low,28.57,2.69,1,1,0
Steel,1554.3,die,high,47.5,0.8,0,1,0
Steel,1454.82,sand,high,12.79,1.54,1,0,0
Steel,1538.45,ceramic,medium,16.61,1.18,1,1,0
Aluminum,684.7,ceramic,low,39.05,0.54,0,1,1
Aluminum,669.62,ceramic,high,39.89,2.47,0,0,1
Cast Iron,1288.88,die,high,23.22,2.53,1,0,0
Cast Iron,1203.71,die,medium,47.79,1.05,1,1,1
Steel,1586.93,ceramic,low,47.22,0.88,1,1,1
Aluminum,679.81,ceramic,high,5.56,0.86,0,0,1
Steel,1533.28,ceramic,medium,12.75,1.66,1,1,0
Cast Iron,1315.55,ceramic,medium,41.91,1.12,0,1,1
Cast Iron,1230.42,ceramic,medium,20.08,1.78,0,1,0
Steel,1574.3,ceramic,medium,9.3,1.46,1,1,0
Cast Iron,1294.74,sand,high,40.32,1.03,0,1,1
Steel,1588.13,ceramic,low,25.46,2.38,1,1,0
Aluminum,682.58,die,medium,27.16,0.88,0,0,1
Steel,1465.75,die,medium,13.39,2.5,1,1,0
Aluminum,693.03,die,high,34.74,1.9,0,0,1
Aluminum,728.58,ceramic,medium,29.81,2.58,0,1,1
Cast Iron,1240.09,die,medium,14.3,0.51,0,1,0
Cast Iron,1202.4,sand,low,20.31,2.37,1,1,0
Cast Iron,1155.52,ceramic,medium,31.86,0.63,0,1,1
Steel,1496.95,die,high,46.62,2.88,1,1,0
Steel,1557.01,sand,low,46.42,2.26,1,1,0
Cast Iron,1179.52,sand,high,17.96,1.3,0,0,0
Steel,1501.13,die,low,38.1,1.3,1,1,0
Cast Iron,1154.05,sand,low,39.9,2.65,1,1,1
Steel,1558.26,die,medium,41.4,2.76,1,1,0
Aluminum,738.07,sand,medium,30.68,2.73,1,1,1
Aluminum,706.85,ceramic,medium,5.47,2.52,0,0,0
Cast Iron,1155.17,ceramic,high,39.28,2.55,1,0,1
Steel,1482.64,ceramic,medium,9.8,1.93,1,1,0
Steel,1515.77,ceramic,medium,10.26,0.57,0,1,0
Aluminum,708.76,ceramic,low,32.25,0.72,0,1,1
Aluminum,699.63,die,medium,49.26,2.12,0,1,1
Cast Iron,1333.17,ceramic,medium,15.91,1.5,0,1,0
Aluminum,743.86,ceramic,medium,34.06,1.92,0,1,1
Cast Iron,1171.43,ceramic,medium,18.66,1.08,0,1,0
Aluminum,663.84,ceramic,low,45.44,2.12,1,1,1
Aluminum,685.81,sand,medium,31.71,1.11,0,1,1
Steel,1513.19,ceramic,low,14.34,1.65,1,1,0
Aluminum,708.61,ceramic,high,16.8,1.7,0,0,1
Aluminum,727.32,die,medium,24.46,0.94,0,0,1
Cast Iron,1177.15,sand,medium,10.49,2.69,1,1,0
Aluminum,730.26,die,medium,8.54,1.81,0,0,0
Cast Iron,1272.01,ceramic,low,35.6,2.67,1,1,1
Aluminum,748.09,die,medium,23.32,1.16,0,1,1
Aluminum,715.12,die,medium,37.68,0.93,0,1,1
Cast Iron,1293.22,ceramic,high,9.95,0.55,0,0,0
Steel,1479.28,sand,low,32.44,0.73,1,1,0
Cast Iron,1303.77,sand,low,24.95,0.87,1,1,0
Cast Iron,1165.85,die,high,7.61,0.7,0,0,0
Cast Iron,1281.31,ceramic,low,29.52,2.74,1,1,1
Steel,1458.34,die,medium,8.73,2.78,1,1,0
Aluminum,661.52,die,medium,42.25,2.84,1,1,1
Cast Iron,1171.57,die,high,33.44,2.9,1,0,1
Cast Iron,1160.5,ceramic,low,30.06,1.73,1,1,1
Steel,1498.17,ceramic,low,11.01,1.83,1,1,0
Cast Iron,1348.87,sand,low,17.94,0.83,1,1,0
Aluminum,684.82,ceramic,high,27.18,0.84,0,0,1
Steel,1564.12,die,medium,33.5,2.43,1,1,0
Aluminum,663.23,die,high,13.25,2.64,0,0,1
Aluminum,695.45,sand,medium,5.4,2.46,0,0,1
Steel,1477.77,ceramic,high,20.51,2.59,1,1,0
Cast Iron,1188.42,die,medium,26.73,1.19,1,1,0
Aluminum,659.97,sand,low,13.3,1.67,0,1,1
Aluminum,693.2,sand,low,27.15,1.65,0,0,1
Aluminum,657.55,die,low,20.23,2.99,1,1,1
Aluminum,740.98,die,high,25.48,2.87,0,0,1
Steel,1517.19,ceramic,high,20.64,2.0,1,0,0
Steel,1575.78,sand,high,33.28,0.84,0,1,0
Aluminum,747.95,die,low,6.93,1.15,0,1,0
Cast Iron,1285.56,sand,medium,12.69,1.41,0,1,0
Aluminum,740.15,ceramic,low,24.47,2.68,1,1,1
Cast Iron,1177.07,die,low,21.03,0.93,1,1,0
Aluminum,733.0,ceramic,medium,22.62,1.05,0,0,1
Cast Iron,1204.24,sand,medium,41.17,1.37,0,1,1
Aluminum,697.26,ceramic,medium,44.88,2.82,1,1,1
Cast Iron,1279.32,ceramic,medium,16.19,1.76,0,0,0
Aluminum,740.35,sand,low,42.64,2.12,1,1,1
Aluminum,741.1,ceramic,high,25.65,1.47,0,0,1
Cast Iron,1168.42,sand,low,17.32,0.97,1,1,1
Steel,1504.68,die,medium,49.35,1.06,0,1,0
Cast Iron,1308.64,sand,high,42.12,2.51,1,0,1
Steel,1555.47,sand,high,49.74,2.73,1,1,1
Aluminum,652.64,die,low,12.57,1.73,0,1,1
Cast Iron,1239.98,sand,low,11.47,1.39,1,1,0
Cast Iron,1315.85,die,low,27.65,2.52,1,1,0
Cast Iron,1297.54,die,high,33.74,2.18,1,0,0
Steel,1511.78,sand,high,12.7,0.6,0,0,0
Steel,1560.27,ceramic,high,43.72,1.38,1,1,1
Aluminum,705.12,ceramic,medium,28.94,2.21,0,0,1
Steel,1586.89,die,medium,23.49,1.93,1,1,0
Steel,1538.07,ceramic,low,32.09,2.95,1,1,0
Aluminum,690.07,ceramic,high,33.57,2.67,0,0,1
Cast Iron,1322.58,sand,low,6.93,0.65,1,1,0
Cast Iron,1159.97,die,high,50.0,2.31,0,0,1
Aluminum,740.05,die,low,21.38,1.34,0,1,1
Cast Iron,1289.27,sand,medium,7.77,2.21,1,1,0
Steel,1591.09,ceramic,high,43.35,2.04,1,1,0
Aluminum,675.05,die,medium,49.69,1.76,0,1,1
Aluminum,719.49,ceramic,high,41.74,2.63,0,0,1
Aluminum,730.95,die,low,43.33,2.27,1,1,1
Cast Iron,1290.42,die,high,33.17,2.72,1,1,0
Aluminum,671.03,die,medium,46.5,1.2,0,1,1
Aluminum,677.56,die,high,6.61,1.37,0,0,0
Aluminum,706.67,ceramic,low,39.5,2.05,0,1,1
Cast Iron,1239.35,ceramic,high,35.18,2.92,1,0,1
Steel,1560.27,ceramic,medium,7.23,1.43,1,1,0
Aluminum,687.87,ceramic,low,29.48,0.58,0,1,1
Steel,1578.92,sand,medium,28.18,1.61,1,1,0
Cast Iron,1236.38,die,high,36.12,1.86,0,0,0
Cast Iron,1158.01,die,medium,8.49,2.5,1,0,0
Cast Iron,1153.47,die,high,41.24,2.32,0,0,1
Cast Iron,1279.35,sand,low,11.27,2.91,1,1,0
Steel,1531.08,ceramic,medium,23.84,2.46,1,1,0
Aluminum,704.27,die,medium,44.66,1.25,0,1,1
Cast Iron,1308.0,ceramic,high,30.22,2.1,0,0,1
Cast Iron,1225.14,ceramic,medium,22.08,2.18,1,1,0
Steel,1599.32,sand,medium,7.17,3.0,1,1,0
Steel,1591.83,sand,low,35.25,0.85,1,1,0
Cast Iron,1152.59,ceramic,high,49.39,0.98,0,1,1
Aluminum,739.57,die,high,46.03,0.89,0,0,1
Aluminum,718.05,die,low,37.28,1.97,0,1,1
Cast Iron,1250.42,sand,low,9.74,0.84,1,1,0
Steel,1537.41,sand,high,15.77,2.14,1,0,0
Cast Iron,1318.37,sand,low,13.41,2.51,1,1,0
Cast Iron,1340.21,sand,low,21.0,1.58,1,1,0
Steel,1534.05,sand,low,15.6,1.9,1,1,0
Cast Iron,1186.26,sand,high,16.0,2.78,1,0,0
Cast Iron,1277.95,sand,low,32.75,1.92,1,1,1
Cast Iron,1165.24,die,medium,19.34,1.02,0,1,0
Steel,1545.27,sand,medium,35.47,1.36,1,1,1
Aluminum,730.86,sand,high,47.66,1.82,0,0,1
Aluminum,685.33,die,low,33.73,0.89,0,1,1
Steel,1460.68,die,medium,38.82,2.03,1,1,0
Aluminum,719.22,ceramic,high,38.82,3.0,0,0,1
Cast Iron,1217.87,sand,medium,19.88,2.13,1,1,0
Aluminum,674.91,sand,low,5.67,1.43,0,1,1
Cast Iron,1287.84,sand,high,7.48,1.33,0,0,0
Aluminum,746.96,sand,medium,17.69,2.83,1,0,1
Steel,1561.8,ceramic,high,36.03,2.68,1,1,0
Aluminum,699.14,die,medium,45.8,1.68,0,1,1
Aluminum,710.05,die,medium,48.15,1.38,0,1,1
Aluminum,664.23,sand,low,6.16,2.28,1,1,1
Steel,1571.98,sand,low,49.55,1.29,1,1,1
Aluminum,710.43,sand,medium,19.51,0.8,0,0,1
Steel,1594.87,ceramic,high,42.93,1.28,1,1,1
Cast Iron,1345.9,ceramic,high,13.11,1.59,1,0,0
Aluminum,685.46,die,low,7.83,1.14,0,1,1
Steel,1598.28,sand,medium,22.03,1.04,1,1,0
Steel,1593.53,sand,low,43.65,0.52,1,1,1
Aluminum,713.98,sand,medium,14.94,2.08,0,0,1
Cast Iron,1216.69,sand,medium,11.93,2.04,1,1,0
Steel,1563.0,ceramic,low,45.94,0.97,1,1,1
Aluminum,677.12,die,high,47.23,2.86,0,0,1
Cast Iron,1275.97,die,low,5.56,1.52,1,1,0
Steel,1453.69,ceramic,medium,37.73,0.56,0,1,0
Steel,1544.29,sand,low,18.91,1.05,1,1,0
Cast Iron,1340.32,die,high,21.86,2.23,1,0,0
Cast Iron,1197.03,die,high,26.11,1.0,0,0,0
Aluminum,727.82,ceramic,medium,24.21,0.63,0,0,1
Aluminum,679.34,sand,low,28.17,2.04,0,1,1
Steel,1556.18,die,high,31.21,1.8,1,1,0
Cast Iron,1289.99,sand,low,25.95,2.4,1,1,0
Cast Iron,1186.95,die,high,36.57,2.43,1,1,1
Cast Iron,1269.43,ceramic,medium,37.34,2.9,1,1,1
Steel,1578.88,sand,medium,24.82,0.64,1,1,0
Cast Iron,1226.51,ceramic,low,11.41,0.6,0,1,0
Cast Iron,1292.06,die,medium,33.83,2.97,1,1,1
Steel,1551.16,ceramic,high,39.78,2.11,1,1,0
Aluminum,675.75,ceramic,medium,33.71,2.29,0,1,1
Aluminum,741.86,ceramic,high,31.46,0.74,0,0,1
Steel,1534.53,die,high,15.32,0.67,0,0,0
Cast Iron,1221.06,sand,medium,34.03,0.9,0,1,1
Steel,1474.65,ceramic,high,20.07,1.57,0,0,0
Aluminum,697.35,sand,high,46.38,0.78,0,0,1
Aluminum,723.01,die,low,34.42,1.62,0,1,1
Steel,1543.55,sand,low,17.52,1.9,1,1,0
Steel,1559.06,ceramic,low,26.28,0.5,1,1,0
Aluminum,729.18,ceramic,medium,43.1,0.79,0,1,1
Steel,1516.15,ceramic,low,20.1,1.44,1,1,0
Aluminum,702.02,ceramic,high,28.64,0.63,0,0,1
Steel,1597.96,ceramic,medium,35.59,0.83,0,1,0
Steel,1595.21,ceramic,medium,38.95,1.08,1,1,1
Steel,1512.22,die,medium,12.83,1.57,1,1,0
Aluminum,718.52,die,medium,30.43,2.29,0,1,1
Steel,1490.14,die,high,46.05,0.83,0,1,0
Aluminum,665.27,sand,high,48.58,2.34,0,0,1
Aluminum,726.84,sand,low,34.53,2.64,1,1,1
Steel,1515.43,die,medium,49.26,2.13,1,1,1
Steel,1476.56,sand,low,30.68,0.61,1,1,1
Aluminum,725.88,sand,high,24.92,1.6,0,0,1
Aluminum,741.52,ceramic,medium,29.82,2.15,0,1,1
Cast Iron,1336.65,ceramic,high,10.21,2.95,1,0,0
Aluminum,709.63,sand,low,23.08,2.88,1,1,1
Cast Iron,1245.93,sand,high,25.63,1.49,0,1,1
Cast Iron,1178.37,die,medium,43.19,2.04,1,1,1
Cast Iron,1308.56,sand,medium,39.14,2.73,1,1,1
Steel,1591.8,ceramic,low,32.06,2.58,1,1,0
Steel,1583.42,sand,medium,20.63,1.7,1,1,0
Aluminum,725.18,die,high,13.42,1.15,0,0,1
Cast Iron,1150.91,ceramic,high,20.65,0.84,0,0,1
Steel,1511.16,ceramic,high,35.59,1.72,1,1,1
Steel,1511.61,ceramic,high,16.84,2.31,1,1,0
Steel,1584.16,ceramic,low,24.21,2.92,1,1,0
Steel,1459.85,sand,high,22.4,2.65,1,0,0
Steel,1529.68,die,low,39.45,1.01,1,1,0
Cast Iron,1177.23,sand,high,44.77,2.3,0,0,1
Cast Iron,1282.46,sand,low,36.47,1.22,1,1,1
Cast Iron,1308.45,ceramic,high,20.37,2.21,1,1,1
Cast Iron,1278.39,die,high,24.49,2.16,0,0,0
Aluminum,729.46,ceramic,low,11.45,1.18,0,1,1
Cast Iron,1271.5,sand,medium,12.56,1.09,0,0,0
Steel,1478.48,sand,medium,12.39,0.76,1,1,0
Cast Iron,1226.53,ceramic,medium,10.88,0.63,0,1,0
Aluminum,745.69,sand,low,13.08,2.65,1,1,1
Steel,1493.23,sand,medium,14.12,0.62,0,1,0
Cast Iron,1162.57,ceramic,medium,10.03,0.72,0,1,0
Cast Iron,1226.97,sand,low,33.81,1.1,1,1,1
Cast Iron,1223.26,die,medium,49.57,2.72,1,1,1
Steel,1520.55,ceramic,medium,44.56,1.33,1,1,1
Steel,1534.05,die,medium,7.05,0.98,1,1,0
Aluminum,749.24,sand,low,24.04,2.29,1,1,1
Steel,1563.44,sand,low,43.67,1.3,1,1,1
Steel,1455.38,ceramic,medium,11.06,1.33,0,1,0
Cast Iron,1292.54,sand,medium,43.14,2.35,1,1,1
Steel,1573.63,ceramic,low,31.67,1.13,1,1,0
Cast Iron,1329.13,ceramic,medium,46.91,2.74,1,1,1
Cast Iron,1234.8,ceramic,low,44.42,1.9,1,1,1
Steel,1497.04,ceramic,medium,35.47,1.84,1,1,1
Aluminum,733.93,ceramic,low,34.6,1.16,0,1,1
Aluminum,727.76,die,high,14.59,2.59,0,0,0
Steel,1530.41,ceramic,high,10.25,1.93,1,0,0
Aluminum,661.79,die,low,23.69,0.89,0,1,1
Cast Iron,1280.35,sand,high,13.4,1.02,0,0,0
Cast Iron,1163.13,ceramic,medium,9.61,1.67,0,0,0
Steel,1465.06,sand,low,18.6,2.45,1,1,0
Aluminum,683.11,ceramic,low,43.72,2.85,1,1,1
Aluminum,687.12,die,medium,5.77,2.16,0,0,1
Cast Iron,1242.39,die,medium,18.17,1.77,1,1,0
Steel,1500.87,die,low,24.08,1.13,1,1,0
Aluminum,653.38,sand,medium,27.98,2.18,0,0,1
Steel,1473.61,ceramic,low,13.17,2.96,1,1,0
Aluminum,661.51,sand,medium,48.39,1.69,0,1,1
Cast Iron,1236.24,die,low,31.05,0.91,1,1,0
Cast Iron,1192.43,sand,medium,28.49,0.76,0,1,1
Steel,1494.03,die,medium,5.4,1.17,1,1,0
Cast Iron,1244.31,die,high,26.86,1.92,0,0,0
Aluminum,673.56,die,high,42.7,2.87,0,0,1
Cast Iron,1199.19,ceramic,high,14.88,1.25,0,0,0
Steel,1574.97,ceramic,medium,20.8,1.26,1,1,0
Steel,1532.21,die,low,5.93,1.7,1,1,0
Steel,1578.51,sand,medium,48.96,2.8,1,1,1
Aluminum,701.45,sand,high,8.0,1.55,0,0,1
Aluminum,740.93,ceramic,medium,45.42,1.06,0,1,1
Aluminum,675.47,die,high,19.08,0.91,0,0,1
Aluminum,711.67,sand,high,31.44,1.64,0,0,1
Aluminum,700.32,die,low,35.57,2.5,1,1,1
Cast Iron,1333.74,sand,low,11.34,1.23,1,1,0
Aluminum,691.85,ceramic,high,24.97,1.78,0,0,1
Aluminum,735.48,die,high,19.65,2.01,0,0,1
Cast Iron,1262.78,die,medium,7.55,1.63,1,1,0
Aluminum,720.85,sand,high,42.49,0.98,0,0,1
Steel,1583.03,sand,medium,7.03,2.8,1,1,0
Aluminum,749.69,sand,high,34.4,1.91,0,0,1
Aluminum,723.11,die,low,19.13,2.32,0,1,0
Steel,1497.18,ceramic,low,13.65,2.09,1,1,0
Steel,1494.85,ceramic,high,35.02,3.0,1,1,0
Steel,1496.37,sand,medium,30.85,1.64,1,1,0
Steel,1464.69,ceramic,medium,19.19,1.56,1,1,0
Aluminum,655.36,sand,medium,28.08,1.4,0,0,1
Steel,1537.13,ceramic,high,16.08,1.4,1,1,0
Steel,1571.59,die,high,43.87,1.19,0,1,0
Cast Iron,1157.23,sand,low,19.12,2.95,1,1,0
Steel,1535.0,ceramic,low,16.03,2.68,1,1,0
Steel,1505.76,die,high,38.83,1.29,0,1,0
Cast Iron,1328.5,ceramic,low,5.79,1.26,1,1,0
Cast Iron,1179.08,die,medium,17.06,0.76,0,1,0
Aluminum,706.34,die,medium,21.89,2.69,1,1,1
Cast Iron,1344.18,ceramic,high,44.7,1.43,0,0,0
Aluminum,684.5,ceramic,medium,47.77,1.93,0,1,1
Cast Iron,1298.36,die,high,37.24,2.75,1,0,0
Cast Iron,1326.49,die,medium,27.16,1.52,1,1,0
Aluminum,668.62,die,high,33.83,2.52,0,0,1
Cast Iron,1348.51,sand,medium,23.63,1.58,1,1,1
Aluminum,730.94,die,medium,18.45,2.25,0,0,1
Cast Iron,1177.51,sand,low,47.78,1.58,1,1,1
Steel,1496.63,die,low,10.19,1.48,1,1,0
Cast Iron,1274.99,sand,low,20.59,2.98,1,1,0
Aluminum,738.49,die,low,45.46,2.03,0,1,1
Cast Iron,1188.97,die,low,37.54,1.42,1,1,1
Aluminum,723.12,die,low,6.31,1.14,0,1,0
Aluminum,677.06,ceramic,high,6.04,0.6,0,0,1
Steel,1570.81,ceramic,high,28.24,2.27,1,1,0
Steel,1552.52,die,low,26.79,1.43,1,1,0
Aluminum,702.29,sand,high,24.93,2.55,0,0,1
Cast Iron,1279.97,sand,low,18.61,1.41,1,1,0
Aluminum,737.64,die,high,49.4,1.43,0,0,1
Aluminum,688.64,ceramic,medium,17.24,2.45,0,0,1
Cast Iron,1303.85,sand,high,27.05,1.72,0,0,0
Cast Iron,1181.78,ceramic,high,23.22,2.71,1,0,0
Cast Iron,1290.24,sand,high,12.66,1.98,0,0,0
Cast Iron,1300.13,die,medium,14.12,1.1,1,1,0
Aluminum,694.3,ceramic,low,46.32,1.92,0,1,1
Aluminum,729.36,sand,high,43.62,0.51,0,0,1
Steel,1533.57,die,high,13.96,1.28,0,0,0
Aluminum,743.63,die,medium,44.4,1.02,0,1,1
Cast Iron,1172.49,die,low,14.41,2.14,1,1,0
Steel,1469.62,ceramic,high,33.19,0.84,0,1,1
Cast Iron,1318.49,ceramic,medium,8.66,1.23,1,1,1
Aluminum,734.24,die,low,44.62,1.33,0,1,1
Steel,1520.68,ceramic,low,7.32,0.51,0,1,0
Cast Iron,1342.79,sand,high,29.97,0.62,0,1,1
Steel,1551.91,die,high,40.09,1.28,1,1,1
Steel,1597.43,die,high,10.26,1.06,0,0,0
Aluminum,703.24,ceramic,high,23.2,0.79,0,0,1
Cast Iron,1190.32,die,medium,6.89,0.89,0,1,0
Steel,1516.66,sand,medium,35.72,2.59,1,1,0
Steel,1597.07,ceramic,high,18.84,2.21,1,0,0
Cast Iron,1224.08,ceramic,low,30.17,1.71,1,1,1
Steel,1593.55,die,high,46.97,2.77,1,1,0
Steel,1569.55,die,low,18.76,0.57,1,1,0
Steel,1516.32,die,low,7.19,1.36,1,1,0
Cast Iron,1258.37,ceramic,low,35.4,2.56,1,1,1
Cast Iron,1271.49,die,medium,40.41,2.07,1,1,1
Cast Iron,1283.15,sand,low,48.1,2.95,1,1,1
Cast Iron,1165.34,die,low,12.1,2.86,1,1,0
Aluminum,743.36,die,medium,22.65,0.92,0,0,1
Steel,1539.55,ceramic,low,42.99,2.93,1,1,1
Cast Iron,1336.23,die,low,41.31,2.86,1,1,1
Steel,1544.78,ceramic,high,33.12,1.43,1,1,0
Steel,1514.65,die,low,17.12,2.96,1,1,0
Aluminum,706.69,sand,low,17.78,0.59,0,1,1
Cast Iron,1315.9,sand,low,10.58,2.15,1,1,0
Cast Iron,1215.23,ceramic,low,46.48,1.17,1,1,1
Steel,1593.47,ceramic,low,12.78,0.82,1,1,0
Cast Iron,1243.19,die,medium,30.78,1.94,1,1,0
Steel,1593.44,die,low,31.3,1.27,1,1,0
Steel,1582.11,sand,low,21.63,2.17,1,1,0
Aluminum,726.77,die,medium,20.86,1.85,0,1,1
Aluminum,696.74,sand,medium,35.09,1.48,0,1,1
Aluminum,708.69,ceramic,low,22.47,0.95,0,1,1
Steel,1575.7,die,low,16.48,2.0,1,1,0
Cast Iron,1258.81,ceramic,low,22.96,2.57,1,1,0
Aluminum,723.82,die,high,41.34,2.0,0,0,1
Cast Iron,1308.13,sand,high,48.49,2.03,1,1,1
Aluminum,701.31,ceramic,low,33.62,1.78,0,1,1
Aluminum,703.62,ceramic,medium,40.19,1.47,0,1,1
Steel,1479.68,die,low,28.98,1.64,1,1,0
Aluminum,674.47,ceramic,medium,33.12,2.97,0,0,1
Aluminum,740.49,sand,medium,49.46,2.37,0,1,1
Steel,1576.05,ceramic,medium,24.73,1.58,1,1,0
Cast Iron,1152.02,ceramic,low,7.98,1.64,1,1,0
Aluminum,736.94,die,low,48.07,1.75,0,1,1
Steel,1453.79,ceramic,medium,40.69,2.15,1,1,1
Aluminum,695.83,die,high,22.92,1.66,0,0,1
Steel,1460.11,die,high,49.21,2.22,1,1,1
Cast Iron,1343.76,ceramic,high,20.55,1.32,0,0,0
Cast Iron,1344.46,sand,medium,21.75,1.53,0,1,0
Steel,1541.63,die,low,32.44,2.66,1,1,0
Steel,1508.83,ceramic,medium,17.35,1.32,1,1,0
Steel,1526.8,die,high,36.44,2.91,1,1,0
Cast Iron,1302.46,sand,low,11.88,0.93,1,1,0
Aluminum,672.32,sand,medium,9.86,1.1,0,0,1
Cast Iron,1238.34,die,medium,29.07,1.66,1,1,0
Steel,1560.59,sand,high,30.0,2.49,1,0,0
Steel,1509.31,ceramic,medium,9.8,2.33,1,1,0
Cast Iron,1156.4,ceramic,low,48.39,0.94,1,1,1
Steel,1526.11,die,high,30.8,1.09,0,1,0
Cast Iron,1297.48,sand,high,11.8,1.94,0,0,0
Steel,1596.52,ceramic,low,19.01,1.24,1,1,0
Aluminum,653.7,ceramic,high,41.01,1.56,0,0,1
Aluminum,703.99,ceramic,medium,28.55,1.72,0,0,1
Steel,1517.49,die,medium,13.47,1.99,1,1,0
Cast Iron,1198.49,die,high,9.63,1.13,0,0,0
Aluminum,713.78,ceramic,low,24.38,0.91,0,1,1
Cast Iron,1182.72,ceramic,medium,20.18,1.5,0,1,0
Steel,1492.58,sand,low,34.52,0.71,1,1,0
Cast Iron,1306.35,sand,medium,46.64,1.82,1,1,1
Aluminum,696.04,sand,medium,16.15,2.6,1,0,1
Cast Iron,1348.73,die,high,43.49,0.8,0,1,1
Cast Iron,1227.29,ceramic,high,46.42,0.78,0,1,1
Steel,1519.49,die,low,45.59,0.7,1,1,0
Steel,1495.04,ceramic,high,47.84,2.62,1,1,1
Steel,1485.44,sand,medium,42.89,0.7,1,1,1
Aluminum,742.23,sand,medium,31.71,2.96,0,0,1
Aluminum,724.88,sand,low,23.44,1.4,0,1,1
Steel,1500.01,sand,low,27.13,1.32,1,1,0
Steel,1555.02,ceramic,medium,44.27,0.73,1,1,1
Aluminum,746.58,sand,high,18.56,1.96,0,0,1
Aluminum,657.4,ceramic,high,12.17,1.96,0,0,1
Aluminum,676.45,ceramic,low,11.34,1.73,0,1,1
Aluminum,670.06,die,low,42.21,1.28,0,1,1
Steel,1580.47,sand,medium,39.27,1.42,1,1,0
Aluminum,667.92,sand,medium,27.39,1.3,0,0,1
Steel,1496.21,die,low,17.37,1.57,1,1,0
Cast Iron,1258.77,ceramic,medium,35.49,1.35,1,1,1
Cast Iron,1274.22,sand,low,6.73,2.19,1,1,0
Aluminum,730.82,ceramic,low,30.57,1.24,0,1,1
Cast Iron,1231.46,die,high,22.93,1.38,0,0,0
Cast Iron,1256.85,ceramic,low,49.0,1.59,1,1,1
Cast Iron,1343.09,sand,medium,27.84,0.51,0,1,0
Aluminum,679.74,ceramic,high,29.85,1.73,0,0,1
Aluminum,674.81,ceramic,high,37.06,1.14,0,0,1
Cast Iron,1292.12,sand,medium,26.8,0.64,0,1,0
Steel,1565.67,sand,medium,15.11,2.78,1,1,0
Cast Iron,1232.96,ceramic,medium,29.18,1.31,1,1,1
Aluminum,671.3,ceramic,low,47.49,1.57,0,1,1
Aluminum,727.89,die,high,23.45,2.57,0,0,1
Aluminum,717.05,sand,low,35.58,0.92,0,1,1
Cast Iron,1325.25,ceramic,low,49.01,2.63,1,1,1
Steel,1576.65,sand,low,42.35,1.1,1,1,1
Aluminum,670.52,die,low,34.66,1.97,0,1,1
Aluminum,733.23,ceramic,high,38.12,2.21,0,0,1
Cast Iron,1185.03,ceramic,high,47.14,2.76,0,0,1
Steel,1579.56,ceramic,low,48.19,2.02,1,1,1
Cast Iron,1304.06,sand,medium,48.6,1.63,0,1,1
Aluminum,706.99,die,high,33.15,1.93,0,0,1
Steel,1546.33,sand,low,22.31,1.01,1,1,0
Steel,1465.61,ceramic,medium,10.99,2.22,1,1,0
Aluminum,653.99,die,medium,22.35,0.97,0,0,1
Steel,1499.6,ceramic,low,47.43,1.89,1,1,1
Steel,1573.21,ceramic,high,45.04,2.12,1,1,0
Cast Iron,1243.16,sand,medium,28.56,2.75,1,1,1
Aluminum,672.34,ceramic,high,29.17,1.63,0,0,1
Aluminum,733.45,die,high,18.9,2.44,0,0,1
Aluminum,672.86,ceramic,medium,25.45,0.92,0,0,1
Aluminum,731.55,ceramic,low,37.15,0.89,0,1,1
Aluminum,695.3,sand,medium,23.11,1.81,0,1,1
Steel,1519.52,die,medium,13.46,1.99,1,1,0
Cast Iron,1204.54,sand,high,29.34,2.08,0,0,1
Aluminum,740.02,ceramic,low,15.14,2.36,1,1,1
Cast Iron,1167.76,sand,high,48.84,1.24,0,1,1
Cast Iron,1178.88,sand,medium,22.57,2.06,1,1,1
Steel,1545.38,sand,low,45.93,0.97,1,1,1
Aluminum,735.01,sand,low,15.15,1.05,0,1,1
Steel,1464.32,ceramic,low,13.51,0.67,1,1,0
Aluminum,723.38,ceramic,low,32.76,2.37,1,1,1
Steel,1561.38,die,low,40.07,1.77,1,1,0
Cast Iron,1266.3,sand,medium,30.5,1.1,1,1,1
Aluminum,698.67,sand,medium,15.34,1.89,0,1,1
Cast Iron,1214.22,die,medium,6.71,1.39,1,1,0
Cast Iron,1220.29,sand,high,32.82,2.59,1,1,1
Steel,1551.17,die,low,10.9,1.82,1,1,0
Aluminum,656.53,ceramic,low,20.44,0.57,0,1,1
Cast Iron,1266.99,die,medium,35.41,2.96,1,1,0
Steel,1491.81,sand,low,9.41,0.69,1,1,0
Aluminum,696.66,die,high,10.73,2.24,0,0,1
Aluminum,705.9,ceramic,low,7.77,1.59,0,0,0
Cast Iron,1327.13,sand,low,49.82,1.12,1,1,1
Aluminum,707.91,ceramic,high,22.42,2.19,0,0,1
Cast Iron,1195.43,ceramic,medium,45.76,0.81,0,1,1
Aluminum,657.95,die,medium,18.21,2.65,0,0,1
Steel,1544.05,ceramic,low,38.89,1.13,1,1,1
Cast Iron,1259.01,sand,high,14.86,1.4,0,0,0
Cast Iron,1284.36,ceramic,medium,27.42,2.08,1,1,1
Aluminum,695.94,ceramic,medium,42.11,0.5,0,0,1
Aluminum,732.51,die,medium,41.74,1.68,0,1,1
Cast Iron,1334.04,ceramic,low,40.74,2.74,1,1,1
Aluminum,654.0,die,high,42.07,2.2,0,0,1
Steel,1561.61,die,low,14.52,1.47,1,1,0
Aluminum,653.52,sand,medium,26.7,2.15,0,0,1
Steel,1516.76,sand,high,26.82,2.84,1,1,0
Steel,1519.24,sand,low,45.07,0.97,1,1,1
Steel,1554.43,sand,medium,18.36,1.83,1,1,0
Steel,1502.86,die,medium,46.92,1.09,1,1,0
Steel,1573.14,ceramic,low,25.29,2.64,1,1,0
Aluminum,684.29,sand,medium,35.14,2.3,0,1,1
Steel,1501.38,sand,medium,17.1,2.5,1,1,0
Aluminum,672.28,sand,high,23.46,2.86,0,0,1
Steel,1552.58,ceramic,medium,36.94,1.08,1,1,0
Cast Iron,1165.32,sand,low,28.07,0.62,0,1,1
Steel,1504.46,ceramic,high,46.88,1.23,0,1,1
Cast Iron,1203.38,die,low,38.17,1.5,1,1,0
Steel,1484.4,die,medium,30.4,2.06,1,1,0
Steel,1459.15,die,high,44.9,2.49,1,1,0
Steel,1478.56,ceramic,high,34.95,1.37,1,1,1
Cast Iron,1239.25,sand,high,34.13,1.68,0,1,1
Cast Iron,1250.75,sand,high,16.09,2.46,1,0,0
Steel,1490.43,sand,low,22.77,1.06,1,1,0
Aluminum,715.02,sand,medium,35.75,1.04,0,1,1
Steel,1500.37,sand,medium,45.13,1.97,1,1,1
Cast Iron,1223.45,ceramic,high,19.2,1.59,0,0,0
Steel,1567.39,die,medium,14.7,2.87,1,1,0
Cast Iron,1260.39,sand,low,31.72,1.39,1,1,1
Cast Iron,1340.63,die,medium,8.02,2.4,1,1,0
Cast Iron,1221.86,ceramic,low,37.15,1.96,1,1,1
Steel,1574.18,ceramic,low,36.64,0.64,1,1,0
Cast Iron,1297.67,sand,medium,20.97,0.71,0,1,0
Cast Iron,1328.04,ceramic,low,45.17,1.01,1,1,1
Steel,1593.52,die,low,27.6,0.86,1,1,0
Cast Iron,1151.54,sand,low,34.06,1.32,1,1,1
Steel,1463.24,sand,low,14.43,1.95,1,1,0
Cast Iron,1284.87,die,high,23.78,2.01,1,0,0
Aluminum,689.02,sand,medium,43.81,1.97,0,1,1
Aluminum,731.91,sand,high,14.58,0.79,0,0,1
Cast Iron,1152.4,die,low,22.58,2.0,1,1,0
Aluminum,730.7,sand,medium,19.31,1.52,0,0,1
Steel,1470.29,sand,low,11.8,2.76,1,1,0
Aluminum,679.02,die,medium,18.04,2.78,0,0,1
Cast Iron,1343.82,ceramic,high,15.47,2.42,1,1,0
Cast Iron,1160.32,die,medium,46.56,2.26,0,1,1
Steel,1502.36,sand,low,38.35,0.79,1,1,0
Cast Iron,1166.91,die,medium,19.22,0.71,0,1,0
Steel,1578.04,sand,medium,39.35,2.6,1,1,0
Aluminum,720.3,sand,high,6.0,1.57,0,0,1
Aluminum,730.03,die,low,28.69,1.63,0,1,1
Steel,1529.09,sand,medium,16.27,2.62,1,1,0
Steel,1503.66,ceramic,high,10.14,2.05,0,0,0
Cast Iron,1150.45,sand,medium,44.77,0.95,0,1,1
Aluminum,677.79,die,low,13.97,1.03,0,1,1
Steel,1527.18,ceramic,medium,42.01,0.52,0,1,1
Aluminum,716.44,ceramic,medium,23.6,2.28,0,0,1
Steel,1484.34,sand,medium,5.64,1.71,1,1,0
Aluminum,663.89,die,medium,37.96,2.87,1,1,1
Cast Iron,1190.32,sand,low,31.84,2.29,1,1,1
Aluminum,685.41,sand,high,20.49,0.76,0,0,1
Aluminum,664.84,die,high,17.67,0.9,0,0,1
Aluminum,665.68,die,medium,8.32,1.75,0,0,1
Aluminum,654.38,sand,low,47.36,2.81,0,1,1
Aluminum,735.67,ceramic,low,27.23,1.12,0,1,1
Cast Iron,1193.95,sand,low,8.85,2.56,1,1,0
Steel,1573.29,ceramic,low,44.09,1.28,1,1,1
Aluminum,693.83,sand,low,17.55,1.17,0,0,1
Cast Iron,1276.49,die,low,14.16,2.75,1,1,0
Aluminum,657.57,ceramic,medium,17.64,0.62,0,0,1
Aluminum,708.36,die,high,30.41,2.15,0,0,1
Steel,1493.5,die,high,8.33,0.61,0,0,0
Aluminum,659.52,die,medium,26.68,2.5,0,1,1
Cast Iron,1331.65,die,high,45.31,2.57,1,1,0
Cast Iron,1270.73,die,low,13.47,2.73,1,1,0
Steel,1486.26,sand,low,19.9,0.97,1,1,0
Aluminum,691.96,ceramic,high,22.83,0.81,0,0,1
Cast Iron,1221.38,sand,low,31.38,1.76,1,1,1
Aluminum,720.06,sand,low,46.37,1.18,0,1,1
Aluminum,710.74,sand,high,22.75,2.02,0,0,1
Aluminum,651.98,die,medium,8.11,1.78,0,0,0
Steel,1479.67,sand,high,20.66,0.86,0,0,0
Aluminum,697.81,ceramic,high,13.55,2.35,0,0,1
Cast Iron,1239.1,sand,high,34.33,2.51,1,0,1
Aluminum,701.67,die,high,6.32,2.91,0,0,0
Cast Iron,1292.96,ceramic,medium,18.14,1.49,1,1,0
Aluminum,718.2,ceramic,medium,29.53,1.34,0,0,1
Cast Iron,1224.56,ceramic,low,17.48,0.98,1,1,0
Cast Iron,1325.52,ceramic,low,29.79,0.95,1,1,1
Aluminum,656.29,sand,high,10.16,1.3,0,0,1
Aluminum,708.45,die,low,47.43,2.95,1,1,1
Cast Iron,1339.94,ceramic,medium,18.09,0.73,1,1,0
Steel,1532.36,ceramic,low,46.54,1.15,1,1,1
Aluminum,695.51,die,low,19.66,0.71,0,1,1
Steel,1470.09,sand,low,40.18,1.18,1,1,1
Aluminum,731.02,ceramic,high,16.08,0.73,0,0,1
Aluminum,687.38,sand,low,35.14,1.77,0,1,1
Aluminum,720.12,sand,medium,19.57,1.6,0,0,1
Aluminum,669.75,sand,medium,27.91,0.94,0,1,1
Steel,1456.28,sand,medium,35.32,0.94,0,1,0
Aluminum,680.55,ceramic,medium,31.5,2.07,0,0,1
Cast Iron,1206.28,ceramic,low,30.93,1.47,1,1,1
Cast Iron,1324.7,sand,high,7.96,0.64,0,0,0
Steel,1579.7,sand,medium,16.21,2.8,1,1,0
Aluminum,703.39,die,medium,30.73,1.51,0,0,1
Cast Iron,1153.8,die,high,5.82,1.98,0,0,0
Steel,1484.25,die,high,16.28,2.71,1,0,0
Aluminum,713.9,ceramic,medium,15.31,1.51,0,0,1
Cast Iron,1170.28,die,medium,16.24,2.55,1,1,0
Cast Iron,1290.12,ceramic,high,29.1,2.79,1,0,1
Steel,1451.79,ceramic,medium,31.19,0.94,1,1,1
Aluminum,718.25,ceramic,medium,45.9,2.73,1,1,1
Aluminum,734.45,ceramic,low,22.37,0.8,0,1,1
Cast Iron,1243.84,die,high,46.7,1.19,0,0,1
Cast Iron,1315.82,sand,low,34.34,2.52,1,1,1
Cast Iron,1306.31,sand,low,46.07,2.75,1,1,1
Aluminum,717.14,sand,high,42.51,2.21,0,0,1
Steel,1516.77,die,low,35.94,0.76,1,1,0
Steel,1490.79,sand,medium,21.02,1.81,1,1,0
Aluminum,736.09,die,low,15.85,1.93,0,1,1
Steel,1547.29,die,high,15.01,1.2,0,0,0
Cast Iron,1309.6,die,medium,47.85,2.98,1,1,1
Steel,1532.8,sand,medium,48.14,1.34,1,1,1
Steel,1475.78,sand,medium,37.62,1.03,1,1,1
Steel,1596.92,sand,medium,44.77,0.78,1,1,1
Cast Iron,1186.55,ceramic,low,46.35,1.45,1,1,1
Aluminum,741.12,die,low,28.02,2.23,0,1,1
Cast Iron,1191.63,ceramic,medium,33.31,1.08,0,1,1
Aluminum,687.37,die,high,23.84,2.42,0,0,1
Aluminum,694.01,sand,medium,23.83,0.84,0,0,1
Aluminum,742.14,die,low,6.73,1.6,0,1,0
Steel,1583.23,die,medium,24.52,2.26,1,1,0
Steel,1573.48,ceramic,low,35.31,0.84,1,1,0
Aluminum,687.67,die,medium,23.99,1.99,0,0,0
Aluminum,650.45,sand,high,44.26,2.5,0,0,1
Steel,1552.24,die,medium,19.97,1.99,1,1,0
Cast Iron,1232.19,die,high,10.97,1.78,0,0,0
Aluminum,725.71,die,high,41.52,2.6,0,0,1
Cast Iron,1308.97,ceramic,medium,35.33,2.96,1,1,1
Steel,1515.96,die,high,15.88,0.95,1,1,0
Aluminum,724.81,die,high,29.14,2.23,0,0,1
Cast Iron,1317.99,ceramic,low,23.08,0.7,1,1,0
Cast Iron,1335.7,ceramic,low,47.25,0.61,0,1,1
Cast Iron,1266.49,ceramic,high,32.33,1.2,0,1,1
Steel,1566.77,ceramic,medium,12.13,2.93,1,1,0
Steel,1524.18,sand,high,27.6,1.88,1,1,0
Cast Iron,1158.33,sand,medium,43.82,1.17,0,1,1
Cast Iron,1181.04,die,low,35.22,0.83,1,1,1
Steel,1469.23,sand,medium,42.91,2.8,1,1,1
Cast Iron,1184.35,die,high,16.27,1.41,0,0,0
Cast Iron,1152.04,sand,high,44.98,1.27,0,1,1
Steel,1578.81,ceramic,high,39.0,2.64,1,1,1
Cast Iron,1262.03,ceramic,high,37.8,2.01,0,1,1
Cast Iron,1226.63,sand,high,20.59,0.92,0,0,1
Cast Iron,1231.96,sand,medium,44.94,1.55,1,1,1
Steel,1519.5,die,high,33.71,2.82,1,1,0
Cast Iron,1164.78,die,low,43.33,2.75,1,1,1
Steel,1491.2,die,high,21.24,0.68,0,1,0
Steel,1577.74,ceramic,medium,11.55,1.17,1,1,0
Aluminum,724.37,ceramic,high,19.96,0.89,0,0,1
Aluminum,706.34,ceramic,high,25.49,1.83,0,0,1
Cast Iron,1246.14,ceramic,medium,29.0,2.37,1,1,1
Steel,1488.85,die,high,27.99,1.24,0,1,0
Aluminum,697.13,ceramic,medium,29.57,2.39,0,1,1
Cast Iron,1269.57,ceramic,high,42.88,2.17,1,1,1
Aluminum,721.26,ceramic,low,12.65,2.32,1,1,1
Aluminum,666.66,ceramic,high,19.22,2.87,0,0,1
Steel,1571.97,sand,medium,44.99,1.56,1,1,1
Steel,1501.87,die,low,30.22,1.36,1,1,0
Aluminum,700.33,die,medium,31.25,2.21,0,1,1
Aluminum,710.79,ceramic,high,26.51,2.52,0,0,1
Steel,1523.21,sand,low,29.7,0.98,1,1,0
Cast Iron,1264.39,die,medium,13.91,2.62,1,1,0
Steel,1466.73,die,low,29.61,0.64,1,1,0
Aluminum,693.22,ceramic,low,49.87,0.52,0,1,1
